

[Round Markdown]
Lap ID: 157 | Lap: 0 | Segment: 4 | Track ID: [931, 2603] | Driver: NS
```markdown
|     | timestamp in s   | acceleration_x in m/s²   | acceleration_y in m/s²   | acceleration_z in m/s²   | yaw in degrees   | position_x in m   | position_y in m   | position_z in m   | speed in km/h   |   lap_number |   segment |   fast_match_idx |
|----:|:-----------------|:-------------------------|:-------------------------|:-------------------------|:-----------------|:------------------|:------------------|:------------------|:----------------|-------------:|----------:|-----------------:|
|   0 | (0.0, 40.8)      | (0, 0)                   | (0, 0)                   | (0, 7)                   | (-2.49, -2.45)   | (933, 937)        | (299, 299)        | (2611, 2607)      | (0, 185)        |            0 |         0 |              369 |
|   5 | (0.5, 40.8)      | (0, 0)                   | (0, 0)                   | (2, 7)                   | (-2.49, -2.45)   | (933, 937)        | (299, 299)        | (2611, 2607)      | (1, 185)        |            0 |         0 |              369 |
|  10 | (1.1, 40.8)      | (0, 0)                   | (0, 0)                   | (9, 7)                   | (-2.49, -2.45)   | (932, 937)        | (299, 299)        | (2610, 2607)      | (19, 185)       |            0 |         0 |              369 |
|  15 | (1.7, 40.9)      | (0, 0)                   | (0, 0)                   | (11, 7)                  | (-2.52, -2.45)   | (929, 933)        | (298, 298)        | (2606, 2602)      | (40, 188)       |            0 |         0 |              370 |
|  20 | (2.2, 41.1)      | (-1, 0)                  | (0, 0)                   | (13, 7)                  | (-2.56, -2.45)   | (924, 929)        | (298, 298)        | (2599, 2597)      | (65, 191)       |            0 |         0 |              371 |
|  25 | (2.8, 0.1)       | (0, 0)                   | (0, 0)                   | (8, 6)                   | (-2.57, -2.49)   | (917, 920)        | (297, 297)        | (2588, 2584)      | (91, 200)       |            0 |         0 |                1 |
|  30 | (3.4, 0.3)       | (0, 0)                   | (0, 0)                   | (8, 6)                   | (-2.57, -2.49)   | (909, 913)        | (296, 296)        | (2575, 2574)      | (110, 205)      |            0 |         0 |                3 |
|  35 | (3.9, 0.7)       | (0, 8)                   | (1, 0)                   | (7, 6)                   | (-2.55, -2.45)   | (899, 901)        | (295, 295)        | (2560, 2560)      | (125, 213)      |            0 |         0 |                6 |
|  40 | (4.5, 1.0)       | (0, 10)                  | (0, 0)                   | (5, 6)                   | (-2.54, -2.4)    | (888, 888)        | (294, 294)        | (2544, 2545)      | (136, 220)      |            0 |         0 |                9 |
|  45 | (5.0, 1.3)       | (13, 10)                 | (0, -4)                  | (-2, 6)                  | (-2.43, -2.33)   | (875, 874)        | (293, 293)        | (2526, 2530)      | (137, 227)      |            0 |         0 |               12 |
|  50 | (5.6, 1.7)       | (8, 20)                  | (1, 2)                   | (4, 2)                   | (-2.33, -2.25)   | (861, 858)        | (292, 292)        | (2512, 2515)      | (141, 231)      |            0 |         0 |               15 |
|  55 | (6.1, 2.0)       | (18, 19)                 | (0, 0)                   | (6, 4)                   | (-2.13, -2.14)   | (843, 841)        | (290, 290)        | (2497, 2503)      | (152, 236)      |            0 |         0 |               18 |
|  60 | (6.7, 2.3)       | (8, 6)                   | (-3, -6)                 | (6, 4)                   | (-2.0, -2.08)    | (821, 821)        | (289, 289)        | (2486, 2491)      | (164, 241)      |            0 |         0 |               21 |
|  65 | (7.2, 2.8)       | (3, 3)                   | (0, -1)                  | (4, 4)                   | (-2.04, -2.06)   | (797, 795)        | (287, 287)        | (2474, 2477)      | (175, 249)      |            0 |         0 |               25 |
|  70 | (7.8, 3.1)       | (12, 5)                  | (3, 4)                   | (0, 4)                   | (-1.94, -2.02)   | (773, 773)        | (285, 285)        | (2463, 2466)      | (178, 255)      |            0 |         0 |               28 |
|  75 | (8.3, 3.5)       | (1, 21)                  | (0, 2)                   | (0, 4)                   | (-1.92, -1.91)   | (748, 746)        | (283, 283)        | (2454, 2455)      | (180, 260)      |            0 |         0 |               32 |
|  80 | (8.9, 3.8)       | (8, 5)                   | (2, 5)                   | (-2, -30)                | (-1.94, -1.86)   | (723, 725)        | (282, 282)        | (2444, 2448)      | (175, 239)      |            0 |         0 |               35 |
|  85 | (9.4, 4.3)       | (18, 23)                 | (2, 0)                   | (-2, -16)                | (-1.79, -1.72)   | (699, 700)        | (282, 282)        | (2436, 2441)      | (153, 199)      |            0 |         0 |               39 |
|  90 | (10.0, 4.7)      | (21, 28)                 | (1, 2)                   | (-2, -16)                | (-1.43, -1.48)   | (677, 678)        | (282, 281)        | (2434, 2440)      | (133, 184)      |            0 |         0 |               43 |
|  95 | (10.5, 5.0)      | (22, 26)                 | (0, 0)                   | (0, -3)                  | (-1.15, -1.32)   | (659, 662)        | (281, 281)        | (2438, 2442)      | (125, 172)      |            0 |         0 |               46 |
| 100 | (11.1, 5.4)      | (19, 25)                 | (1, 1)                   | (8, -2)                  | (-0.87, -1.1)    | (642, 642)        | (281, 281)        | (2448, 2449)      | (136, 165)      |            0 |         0 |               50 |
| 105 | (11.6, 5.9)      | (1, 25)                  | (2, 0)                   | (7, -2)                  | (-0.77, -0.86)   | (627, 627)        | (281, 281)        | (2463, 2459)      | (151, 159)      |            0 |         0 |               54 |
| 110 | (12.1, 6.5)      | (6, 14)                  | (1, 3)                   | (4, 6)                   | (-0.71, -0.57)   | (611, 608)        | (281, 281)        | (2480, 2481)      | (163, 161)      |            0 |         1 |               60 |
| 115 | (12.7, 7.0)      | (22, 6)                  | (0, -3)                  | (-2, 0)                  | (-0.44, -0.54)   | (597, 597)        | (280, 280)        | (2499, 2498)      | (147, 169)      |            0 |         1 |               64 |
| 120 | (13.2, 7.5)      | (9, 22)                  | (0, 0)                   | (-3, -14)                | (-0.17, -0.16)   | (590, 587)        | (280, 280)        | (2520, 2520)      | (139, 130)      |            0 |         1 |               69 |
| 125 | (13.8, 8.1)      | (18, 24)                 | (0, 1)                   | (-2, -1)                 | (0.0, 0.15)      | (588, 586)        | (280, 280)        | (2540, 2538)      | (132, 120)      |            0 |         1 |               74 |
| 130 | (14.3, 8.8)      | (25, 18)                 | (1, 1)                   | (0, 9)                   | (0.39, 0.48)     | (591, 593)        | (280, 280)        | (2560, 2561)      | (124, 136)      |            0 |         1 |               80 |
| 135 | (14.9, 9.2)      | (19, 19)                 | (0, 1)                   | (4, 6)                   | (0.71, 0.7)      | (601, 602)        | (280, 280)        | (2577, 2576)      | (128, 148)      |            0 |         1 |               84 |
| 140 | (15.5, 9.7)      | (21, 20)                 | (0, 0)                   | (2, 4)                   | (1.03, 0.99)     | (616, 619)        | (280, 280)        | (2591, 2591)      | (133, 154)      |            0 |         1 |               89 |
| 145 | (16.0, 10.2)     | (0, 17)                  | (0, -1)                  | (2, 8)                   | (1.24, 1.18)     | (636, 637)        | (280, 280)        | (2599, 2601)      | (137, 164)      |            0 |         1 |               93 |
| 150 | (16.6, 10.5)     | (0, 14)                  | (0, -1)                  | (2, 9)                   | (1.19, 1.32)     | (655, 652)        | (280, 280)        | (2607, 2606)      | (142, 174)      |            0 |         1 |               96 |
| 155 | (17.1, 11.1)     | (0, -20)                 | (-1, 0)                  | (0, -8)                  | (1.19, 1.15)     | (674, 676)        | (279, 279)        | (2614, 2613)      | (146, 147)      |            0 |         1 |              101 |
| 160 | (17.6, 11.5)     | (-8, -11)                | (0, 0)                   | (-2, -2)                 | (1.16, 0.97)     | (693, 692)        | (279, 279)        | (2622, 2622)      | (123, 141)      |            0 |         1 |              105 |
| 165 | (18.2, 12.0)     | (-20, -20)               | (0, 0)                   | (-1, -2)                 | (0.82, 0.78)     | (708, 706)        | (279, 279)        | (2631, 2633)      | (117, 135)      |            0 |         1 |              109 |
| 170 | (18.7, 12.5)     | (-20, -22)               | (0, 0)                   | (4, 5)                   | (0.47, 0.45)     | (719, 717)        | (279, 279)        | (2645, 2648)      | (116, 133)      |            0 |         1 |              114 |
| 175 | (19.3, 13.0)     | (-12, -15)               | (0, 0)                   | (8, 9)                   | (0.21, 0.26)     | (726, 723)        | (279, 279)        | (2663, 2664)      | (131, 145)      |            0 |         1 |              118 |
| 180 | (19.8, 13.4)     | (-7, -19)                | (0, 0)                   | (6, -7)                  | (0.12, 0.08)     | (729, 727)        | (279, 279)        | (2684, 2682)      | (146, 151)      |            0 |         1 |              122 |
| 185 | (20.4, 14.0)     | (-20, -21)               | (1, 0)                   | (-3, 0)                  | (-0.06, -0.24)   | (731, 726)        | (279, 278)        | (2706, 2704)      | (145, 141)      |            0 |         1 |              127 |
| 190 | (20.9, 14.4)     | (-21, -29)               | (0, 11)                  | (-2, -2)                 | (-0.4, -0.5)     | (727, 720)        | (278, 278)        | (2726, 2721)      | (127, 142)      |            0 |         1 |              131 |
| 195 | (21.4, 14.8)     | (-13, -4)                | (-5, -7)                 | (-4, 3)                  | (-0.83, -0.8)    | (718, 711)        | (279, 279)        | (2739, 2736)      | (98, 141)       |            0 |         1 |              135 |
| 200 | (21.9, 15.2)     | (-7, -14)                | (0, -1)                  | (8, 7)                   | (-1.46, -0.91)   | (706, 703)        | (278, 278)        | (2747, 2746)      | (104, 145)      |            0 |         1 |              138 |
| 205 | (22.5, 15.5)     | (-1, -17)                | (0, 0)                   | (-5, 9)                  | (-1.54, -0.94)   | (690, 693)        | (278, 278)        | (2753, 2756)      | (105, 153)      |            0 |         1 |              141 |
| 210 | (23.0, 30.2)     | (21, -1)                 | (4, 5)                   | (-3, 5)                  | (-0.99, 0.69)    | (677, 677)        | (278, 272)        | (2758, 2762)      | (93, 202)       |            0 |         1 |              273 |
| 215 | (23.6, 16.2)     | (0, -17)                 | (-3, -1)                 | (6, 6)                   | (-0.61, -1.18)   | (665, 669)        | (278, 278)        | (2766, 2771)      | (99, 154)       |            0 |         1 |              147 |
| 220 | (24.1, 16.5)     | (-1, -16)                | (0, 0)                   | (-13, 7)                 | (-0.86, -1.31)   | (653, 654)        | (277, 277)        | (2776, 2776)      | (104, 163)      |            0 |         1 |              150 |
| 225 | (24.6, 16.8)     | (-57, -14)               | (1, -1)                  | (-25, 10)                | (-1.38, -1.43)   | (640, 640)        | (277, 277)        | (2783, 2779)      | (82, 172)       |            0 |         2 |              153 |
| 230 | (25.1, 17.1)     | (-3, 6)                  | (1, 0)                   | (0, 1)                   | (-1.54, -1.41)   | (629, 629)        | (277, 277)        | (2783, 2781)      | (73, 176)       |            0 |         2 |              155 |
| 235 | (25.7, 17.3)     | (0, 19)                  | (0, 0)                   | (12, 6)                  | (-1.51, -1.29)   | (617, 617)        | (277, 277)        | (2784, 2783)      | (91, 180)       |            0 |         2 |              157 |
| 240 | (26.2, 17.6)     | (11, 19)                 | (0, -1)                  | (10, 6)                  | (-1.37, -1.14)   | (601, 601)        | (276, 276)        | (2786, 2789)      | (110, 187)      |            0 |         2 |              160 |
| 245 | (26.8, 18.0)     | (7, 0)                   | (-3, -5)                 | (9, 6)                   | (-1.19, -1.16)   | (584, 585)        | (276, 276)        | (2791, 2796)      | (128, 195)      |            0 |         2 |              163 |
| 250 | (27.3, 18.3)     | (8, 13)                  | (-2, -5)                 | (6, -15)                 | (-1.13, -1.05)   | (565, 569)        | (275, 274)        | (2799, 2804)      | (140, 186)      |            0 |         2 |              166 |
| 255 | (27.9, 18.8)     | (15, 10)                 | (0, 4)                   | (-1, -21)                | (-0.92, -0.86)   | (546, 550)        | (272, 272)        | (2810, 2815)      | (142, 169)      |            0 |         2 |              170 |
| 260 | (28.4, 19.3)     | (5, -26)                 | (0, 0)                   | (-1, -10)                | (-0.86, -1.09)   | (530, 531)        | (270, 270)        | (2823, 2829)      | (145, 143)      |            0 |         2 |              175 |
| 265 | (28.9, 19.8)     | (0, -3)                  | (0, 0)                   | (-10, -20)               | (-0.76, -1.07)   | (515, 516)        | (268, 268)        | (2838, 2838)      | (138, 121)      |            0 |         2 |              179 |
| 270 | (29.5, 20.2)     | (-8, -21)                | (-2, 11)                 | (-10, -2)                | (-1.0, -1.29)    | (502, 502)        | (267, 267)        | (2850, 2844)      | (100, 116)      |            0 |         2 |              183 |
| 275 | (30.0, 20.6)     | (-7, -21)                | (0, 0)                   | (-26, -2)                | (-1.53, -1.51)   | (493, 491)        | (267, 267)        | (2854, 2846)      | (19, 111)       |            0 |         2 |              186 |
| 280 | (30.6, 20.6)     | (-2, -21)                | (0, 0)                   | (8, -2)                  | (-1.96, -1.51)   | (491, 491)        | (267, 267)        | (2853, 2846)      | (11, 111)       |            0 |         2 |              186 |
| 285 | (31.2, 20.7)     | (-1, -20)                | (-2, 0)                  | (12, -2)                 | (-2.09, -1.58)   | (487, 488)        | (267, 267)        | (2851, 2846)      | (38, 110)       |            0 |         2 |              187 |
| 290 | (31.7, 20.9)     | (1, -18)                 | (-1, 1)                  | (9, 2)                   | (-2.07, -1.68)   | (481, 482)        | (267, 267)        | (2848, 2846)      | (62, 110)       |            0 |         2 |              189 |
| 295 | (32.3, 21.3)     | (0, -7)                  | (0, 0)                   | (14, 11)                 | (-2.08, -2.02)   | (470, 470)        | (267, 267)        | (2842, 2842)      | (89, 103)       |            0 |         2 |              193 |
| 300 | (32.8, 21.7)     | (0, -7)                  | (0, 0)                   | (11, 7)                  | (-2.09, -2.18)   | (458, 459)        | (267, 267)        | (2835, 2836)      | (101, 115)      |            0 |         2 |              197 |
| 305 | (33.4, 22.3)     | (-7, -18)                | (0, 0)                   | (-1, -2)                 | (-2.18, -2.49)   | (443, 446)        | (267, 267)        | (2826, 2824)      | (114, 107)      |            0 |         2 |              202 |
| 310 | (34.0, 22.7)     | (-21, -19)               | (0, 1)                   | (-2, -2)                 | (-2.51, -2.72)   | (431, 439)        | (267, 267)        | (2815, 2813)      | (105, 102)      |            0 |         2 |              206 |
| 315 | (34.5, 23.3)     | (-24, -16)               | (2, 0)                   | (-3, 7)                  | (-2.98, -3.09)   | (424, 435)        | (267, 267)        | (2800, 2798)      | (95, 100)       |            0 |         2 |              211 |
| 320 | (35.1, 23.5)     | (-17, -13)               | (0, -1)                  | (1, 9)                   | (2.71, 3.06)     | (425, 435)        | (267, 267)        | (2790, 2792)      | (60, 107)       |            0 |         2 |              213 |
| 325 | (35.6, 23.7)     | (-11, -8)                | (-1, -3)                 | (6, 10)                  | (2.18, 2.93)     | (430, 436)        | (267, 267)        | (2782, 2784)      | (72, 116)       |            0 |         2 |              215 |
| 330 | (36.1, 24.1)     | (-5, -16)                | (0, -1)                  | (8, 7)                   | (1.91, 2.79)     | (440, 439)        | (267, 267)        | (2775, 2773)      | (85, 127)       |            0 |         2 |              218 |
| 335 | (36.7, 24.3)     | (12, -15)                | (1, 0)                   | (-3, -2)                 | (2.19, 2.71)     | (450, 442)        | (267, 267)        | (2769, 2765)      | (76, 128)       |            0 |         2 |              220 |
| 340 | (37.2, 24.6)     | (-1, -25)                | (0, 3)                   | (0, -4)                  | (2.83, 2.56)     | (455, 446)        | (267, 267)        | (2762, 2758)      | (54, 123)       |            0 |         2 |              222 |
| 345 | (37.8, 24.9)     | (3, -22)                 | (0, 1)                   | (10, -3)                 | (2.93, 2.32)     | (459, 453)        | (267, 267)        | (2754, 2749)      | (64, 116)       |            0 |         2 |              225 |
| 350 | (38.3, 25.2)     | (-17, -18)               | (0, 0)                   | (-4, 8)                  | (2.46, 2.12)     | (463, 462)        | (268, 268)        | (2745, 2742)      | (54, 119)       |            0 |         2 |              228 |
| 355 | (38.9, 25.5)     | (-10, -16)               | (0, 0)                   | (8, 10)                  | (2.0, 2.01)      | (469, 468)        | (268, 268)        | (2741, 2738)      | (59, 127)       |            0 |         2 |              230 |
| 360 | (39.4, 25.8)     | (1, -7)                  | (0, 0)                   | (12, 3)                  | (1.94, 1.92)     | (480, 479)        | (268, 268)        | (2737, 2734)      | (85, 136)       |            0 |         2 |              233 |
| 365 | (40.0, 26.1)     | (-3, -6)                 | (0, 0)                   | (9, 9)                   | (1.89, 1.87)     | (493, 492)        | (268, 268)        | (2732, 2730)      | (101, 147)      |            0 |         2 |              236 |
| 370 | (40.5, 26.5)     | (0, 3)                   | (0, 0)                   | (9, 9)                   | (1.88, 1.86)     | (509, 509)        | (268, 268)        | (2727, 2724)      | (119, 161)      |            0 |         2 |              240 |
| 375 | (41.0, 26.9)     | (0, 1)                   | (2, 3)                   | (5, 8)                   | (1.88, 1.89)     | (527, 524)        | (268, 268)        | (2721, 2720)      | (134, 171)      |            0 |         3 |              243 |
| 380 | (41.6, 27.3)     | (0, -10)                 | (0, -1)                  | (6, 6)                   | (1.89, 1.78)     | (547, 545)        | (269, 269)        | (2714, 2714)      | (147, 179)      |            0 |         3 |              247 |
| 385 | (42.1, 27.8)     | (-13, -14)               | (0, 0)                   | (3, 6)                   | (1.75, 1.65)     | (570, 572)        | (269, 269)        | (2708, 2710)      | (153, 191)      |            0 |         3 |              252 |
| 390 | (42.7, 28.3)     | (-27, -30)               | (2, 3)                   | (-2, 1)                  | (1.44, 1.42)     | (593, 594)        | (269, 269)        | (2707, 2710)      | (146, 196)      |            0 |         3 |              256 |
| 395 | (43.2, 28.6)     | (-20, -25)               | (0, 0)                   | (1, -3)                  | (1.13, 1.26)     | (613, 611)        | (270, 270)        | (2712, 2713)      | (139, 190)      |            0 |         3 |              259 |
| 400 | (43.8, 29.0)     | (-7, -25)                | (0, 0)                   | (6, -1)                  | (1.07, 1.04)     | (633, 632)        | (270, 270)        | (2722, 2722)      | (151, 182)      |            0 |         3 |              263 |
| 405 | (44.4, 29.5)     | (-13, -18)               | (-1, -1)                 | (7, 5)                   | (0.91, 0.86)     | (654, 652)        | (271, 271)        | (2735, 2735)      | (165, 188)      |            0 |         3 |              267 |
| 410 | (44.9, 29.9)     | (-9, -16)                | (3, 4)                   | (0, 6)                   | (0.8, 0.69)      | (673, 669)        | (271, 271)        | (2751, 2753)      | (171, 197)      |            0 |         3 |              271 |
| 415 | (45.4, 30.5)     | (4, 23)                  | (1, 3)                   | (3, 4)                   | (0.8, 0.8)       | (692, 689)        | (273, 273)        | (2770, 2775)      | (175, 207)      |            0 |         3 |              276 |
| 420 | (46.0, 30.9)     | (0, 32)                  | (-10, 2)                 | (-2, -4)                 | (0.85, 1.01)     | (712, 708)        | (274, 274)        | (2788, 2793)      | (171, 199)      |            0 |         3 |              280 |
| 425 | (46.5, 31.4)     | (10, 15)                 | (-1, 2)                  | (-3, 1)                  | (0.97, 1.12)     | (731, 729)        | (276, 276)        | (2804, 2805)      | (162, 195)      |            0 |         3 |              284 |
| 430 | (47.1, 31.8)     | (16, 27)                 | (0, 1)                   | (-3, 0)                  | (1.18, 1.33)     | (753, 751)        | (278, 278)        | (2816, 2814)      | (152, 194)      |            0 |         3 |              288 |
| 435 | (47.6, 32.3)     | (24, 24)                 | (1, 0)                   | (-3, -3)                 | (1.47, 1.52)     | (774, 776)        | (279, 280)        | (2822, 2818)      | (143, 195)      |            0 |         3 |              292 |
| 440 | (48.2, 32.6)     | (11, 30)                 | (-1, 9)                  | (-2, 0)                  | (1.99, 1.69)     | (793, 794)        | (281, 281)        | (2819, 2818)      | (112, 190)      |            0 |         3 |              295 |
| 445 | (48.8, 32.9)     | (-11, 33)                | (4, 7)                   | (5, 0)                   | (1.98, 1.9)      | (809, 811)        | (282, 283)        | (2812, 2815)      | (115, 186)      |            0 |         3 |              298 |
| 450 | (49.3, 33.3)     | (-3, 10)                 | (1, 5)                   | (5, 3)                   | (1.78, 1.99)     | (826, 827)        | (285, 285)        | (2807, 2809)      | (126, 191)      |            0 |         3 |              301 |
| 455 | (49.9, 33.6)     | (5, -6)                  | (0, 0)                   | (5, 5)                   | (1.82, 1.92)     | (846, 844)        | (288, 287)        | (2802, 2802)      | (138, 197)      |            0 |         3 |              304 |
| 460 | (50.4, 34.1)     | (1, 1)                   | (0, 0)                   | (5, 5)                   | (1.85, 1.93)     | (867, 868)        | (291, 291)        | (2797, 2793)      | (149, 206)      |            0 |         3 |              308 |
| 465 | (50.9, 34.4)     | (16, 0)                  | (0, -1)                  | (4, 5)                   | (1.96, 1.93)     | (888, 886)        | (294, 294)        | (2790, 2786)      | (158, 212)      |            0 |         4 |              311 |
| 470 | (51.5, 34.9)     | (14, 9)                  | (0, -1)                  | (-2, 4)                  | (2.16, 1.97)     | (912, 911)        | (297, 297)        | (2778, 2777)      | (162, 220)      |            0 |         4 |              315 |
| 475 | (52.1, 35.2)     | (-4, 9)                  | (-1, -1)                 | (-3, 3)                  | (2.11, 2.0)      | (929, 930)        | (299, 300)        | (2767, 2769)      | (157, 225)      |            0 |         4 |              318 |
| 480 | (52.6, 35.7)     | (-3, 2)                  | (0, 0)                   | (-3, -30)                | (1.95, 2.04)     | (953, 953)        | (302, 302)        | (2755, 2757)      | (147, 182)      |            0 |         4 |              322 |
| 485 | (53.2, 36.2)     | (19, 12)                 | (0, -1)                  | (-3, -21)                | (2.1, 2.13)      | (972, 973)        | (304, 304)        | (2747, 2747)      | (139, 131)      |            0 |         4 |              327 |
| 490 | (53.7, 36.7)     | (13, 18)                 | (-2, -2)                 | (-9, -2)                 | (2.29, 2.47)     | (989, 988)        | (306, 305)        | (2735, 2735)      | (118, 116)      |            0 |         4 |              332 |
| 495 | (54.3, 37.3)     | (19, 16)                 | (-1, -1)                 | (-2, -2)                 | (2.62, 2.73)     | (1001, 997)       | (306, 306)        | (2721, 2720)      | (111, 109)      |            0 |         4 |              337 |
| 500 | (54.8, 37.7)     | (19, 21)                 | (0, 0)                   | (0, -1)                  | (3.02, 3.05)     | (1006, 1001)      | (306, 305)        | (2706, 2707)      | (106, 105)      |            0 |         4 |              341 |
| 505 | (55.4, 38.2)     | (26, 17)                 | (4, 0)                   | (-1, 10)                 | (-2.82, -2.91)   | (1006, 1000)      | (305, 305)        | (2692, 2695)      | (88, 109)       |            0 |         4 |              345 |
| 510 | (55.9, 38.5)     | (4, 14)                  | (0, 0)                   | (7, 11)                  | (-2.39, -2.74)   | (999, 997)        | (305, 304)        | (2682, 2684)      | (85, 124)       |            0 |         4 |              348 |
| 515 | (56.5, 38.9)     | (0, 6)                   | (-1, -7)                 | (13, 1)                  | (-2.29, -2.58)   | (988, 990)        | (304, 304)        | (2671, 2670)      | (112, 133)      |            0 |         4 |              352 |
| 520 | (57.0, 39.4)     | (-2, 12)                 | (0, 0)                   | (8, 9)                   | (-2.41, -2.4)    | (975, 979)        | (302, 303)        | (2657, 2657)      | (133, 142)      |            0 |         4 |              356 |
| 525 | (57.5, 40.0)     | (-3, -3)                 | (0, 1)                   | (9, 10)                  | (-2.44, -2.44)   | (961, 964)        | (301, 301)        | (2641, 2639)      | (152, 162)      |            0 |         4 |              361 |
| 530 | (58.1, 40.5)     | (-4, -2)                 | (0, 0)                   | (9, 2)                   | (-2.49, -2.45)   | (945, 947)        | (300, 300)        | (2622, 2619)      | (170, 177)      |            0 |         4 |              366 |
| 535 | (58.6, 41.1)     | (-1, 0)                  | (0, 0)                   | (6, 7)                   | (-2.53, -2.45)   | (929, 929)        | (298, 298)        | (2600, 2597)      | (183, 191)      |            0 |         4 |              371 |
```


[Round Markdown]
Lap ID: 158 | Lap: 1 | Segment: 4 | Track ID: [931, 2603] | Driver: NS
```markdown
|     | timestamp in s   | acceleration_x in m/s²   | acceleration_y in m/s²   | acceleration_z in m/s²   | yaw in degrees   | position_x in m   | position_y in m   | position_z in m   | speed in km/h   |   lap_number |   segment |   fast_match_idx |
|----:|:-----------------|:-------------------------|:-------------------------|:-------------------------|:-----------------|:------------------|:------------------|:------------------|:----------------|-------------:|----------:|-----------------:|
|   0 | (0.0, 0.0)       | (7, -2)                  | (0, 0)                   | (6, 6)                   | (-2.49, -2.49)   | (923, 924)        | (297, 297)        | (2592, 2589)      | (187, 197)      |            1 |         0 |                0 |
|   5 | (0.6, 0.5)       | (0, 7)                   | (0, 0)                   | (6, 6)                   | (-2.48, -2.46)   | (905, 905)        | (296, 295)        | (2568, 2564)      | (201, 210)      |            1 |         0 |                5 |
|  10 | (1.1, 1.0)       | (-1, 10)                 | (-1, 0)                  | (0, 6)                   | (-2.55, -2.4)    | (887, 888)        | (294, 294)        | (2543, 2545)      | (209, 220)      |            1 |         0 |                9 |
|  15 | (1.6, 1.5)       | (27, 11)                 | (0, -1)                  | (-2, 2)                  | (-2.3, -2.3)     | (868, 864)        | (292, 292)        | (2519, 2520)      | (201, 231)      |            1 |         0 |               14 |
|  20 | (2.2, 2.0)       | (13, 19)                 | (0, 0)                   | (0, 4)                   | (-2.13, -2.14)   | (844, 841)        | (290, 290)        | (2501, 2503)      | (196, 236)      |            1 |         0 |               18 |
|  25 | (2.7, 2.3)       | (10, 6)                  | (-4, -6)                 | (5, 4)                   | (-2.03, -2.08)   | (819, 821)        | (289, 289)        | (2487, 2491)      | (203, 241)      |            1 |         0 |               21 |
|  30 | (3.2, 2.9)       | (0, 8)                   | (3, 0)                   | (3, 4)                   | (-2.02, -2.03)   | (791, 788)        | (286, 286)        | (2473, 2473)      | (212, 251)      |            1 |         0 |               26 |
|  35 | (3.8, 3.3)       | (8, 12)                  | (0, 1)                   | (-2, 2)                  | (-1.98, -1.96)   | (763, 760)        | (284, 284)        | (2460, 2460)      | (209, 257)      |            1 |         0 |               30 |
|  40 | (4.3, 3.7)       | (11, 12)                 | (-1, 4)                  | (-12, -17)               | (-1.88, -1.87)   | (736, 732)        | (283, 282)        | (2449, 2450)      | (182, 252)      |            1 |         0 |               34 |
|  45 | (4.8, 4.0)       | (16, 13)                 | (3, 1)                   | (-12, -27)               | (-1.8, -1.83)    | (710, 712)        | (282, 282)        | (2441, 2444)      | (162, 217)      |            1 |         0 |               37 |
|  50 | (5.4, 4.5)       | (24, 29)                 | (0, 1)                   | (-2, -2)                 | (-1.47, -1.58)   | (687, 688)        | (281, 281)        | (2439, 2440)      | (154, 194)      |            1 |         0 |               41 |
|  55 | (6.0, 4.9)       | (22, 25)                 | (0, 0)                   | (-1, -6)                 | (-1.12, -1.37)   | (665, 667)        | (281, 281)        | (2444, 2441)      | (133, 174)      |            1 |         0 |               45 |
|  60 | (6.5, 5.3)       | (0, 22)                  | (-2, 0)                  | (6, -2)                  | (-1.04, -1.16)   | (647, 647)        | (281, 281)        | (2453, 2447)      | (137, 167)      |            1 |         0 |               49 |
|  65 | (7.1, 6.0)       | (12, 27)                 | (1, 1)                   | (4, -2)                  | (-0.99, -0.79)   | (628, 623)        | (281, 281)        | (2465, 2462)      | (147, 157)      |            1 |         0 |               55 |
|  70 | (7.6, 6.5)       | (25, 14)                 | (0, 3)                   | (-2, 6)                  | (-0.67, -0.57)   | (611, 608)        | (281, 281)        | (2480, 2481)      | (146, 161)      |            1 |         1 |               60 |
|  75 | (8.1, 7.0)       | (6, 6)                   | (0, -3)                  | (3, 0)                   | (-0.53, -0.54)   | (599, 597)        | (280, 280)        | (2498, 2498)      | (150, 169)      |            1 |         1 |               64 |
|  80 | (8.7, 7.5)       | (12, 22)                 | (1, 0)                   | (-2, -14)                | (-0.47, -0.16)   | (587, 587)        | (280, 280)        | (2519, 2520)      | (152, 130)      |            1 |         1 |               69 |
|  85 | (9.3, 8.2)       | (27, 19)                 | (1, 0)                   | (-3, 2)                  | (-0.1, 0.2)      | (580, 586)        | (280, 280)        | (2541, 2542)      | (143, 120)      |            1 |         1 |               75 |
|  90 | (9.8, 8.6)       | (32, 18)                 | (3, 1)                   | (-16, 9)                 | (0.28, 0.42)     | (581, 591)        | (280, 280)        | (2561, 2557)      | (116, 133)      |            1 |         1 |               79 |
|  95 | (10.3, 9.0)      | (17, 17)                 | (0, 0)                   | (5, 9)                   | (0.92, 0.58)     | (589, 597)        | (280, 280)        | (2574, 2568)      | (109, 142)      |            1 |         1 |               82 |
| 100 | (10.9, 9.3)      | (9, 18)                  | (-1, 0)                  | (6, 4)                   | (1.41, 0.74)     | (602, 605)        | (280, 280)        | (2585, 2579)      | (112, 149)      |            1 |         1 |               85 |
| 105 | (11.4, 9.7)      | (2, 20)                  | (1, 0)                   | (2, 4)                   | (1.5, 0.99)      | (617, 619)        | (280, 280)        | (2593, 2591)      | (115, 154)      |            1 |         1 |               89 |
| 110 | (12.0, 10.1)     | (-24, 17)                | (3, -1)                  | (-1, 8)                  | (0.97, 1.15)     | (633, 633)        | (280, 280)        | (2600, 2599)      | (109, 161)      |            1 |         1 |               92 |
| 115 | (12.5, 10.4)     | (-1, 18)                 | (0, 0)                   | (-6, 7)                  | (0.71, 1.28)     | (646, 647)        | (280, 280)        | (2608, 2605)      | (89, 170)       |            1 |         1 |               95 |
| 120 | (13.1, 10.7)     | (19, 8)                  | (0, 1)                   | (-38, 3)                 | (1.17, 1.32)     | (658, 658)        | (280, 280)        | (2613, 2608)      | (66, 175)       |            1 |         1 |               97 |
| 125 | (13.6, 10.9)     | (2, -12)                 | (-1, 1)                  | (5, -23)                 | (1.58, 1.28)     | (667, 667)        | (279, 279)        | (2615, 2610)      | (66, 158)       |            1 |         1 |               99 |
| 130 | (14.1, 11.2)     | (-9, -24)                | (0, 0)                   | (12, -3)                 | (1.43, 1.08)     | (679, 680)        | (279, 279)        | (2616, 2615)      | (89, 145)       |            1 |         1 |              102 |
| 135 | (14.7, 11.5)     | (-12, -11)               | (0, 0)                   | (9, -2)                  | (1.25, 0.97)     | (693, 692)        | (279, 279)        | (2619, 2622)      | (105, 141)      |            1 |         1 |              105 |
| 140 | (15.2, 11.9)     | (-17, -19)               | (1, 1)                   | (8, -3)                  | (0.98, 0.85)     | (709, 703)        | (279, 279)        | (2627, 2630)      | (122, 136)      |            1 |         1 |              108 |
| 145 | (15.8, 12.4)     | (-18, -23)               | (0, 0)                   | (0, 1)                   | (0.69, 0.51)     | (723, 715)        | (279, 279)        | (2640, 2645)      | (130, 131)      |            1 |         1 |              113 |
| 150 | (16.3, 12.7)     | (-46, -18)               | (-1, 0)                  | (-8, 9)                  | (0.06, 0.36)     | (729, 721)        | (279, 279)        | (2654, 2656)      | (93, 139)       |            1 |         1 |              116 |
| 155 | (16.9, 13.1)     | (-4, -17)                | (0, 1)                   | (6, 8)                   | (-0.68, 0.21)    | (728, 724)        | (279, 279)        | (2669, 2668)      | (102, 149)      |            1 |         1 |              119 |
| 160 | (17.4, 13.4)     | (-8, -19)                | (0, 0)                   | (-9, -7)                 | (-0.86, 0.08)    | (724, 727)        | (279, 279)        | (2684, 2682)      | (97, 151)       |            1 |         1 |              122 |
| 165 | (18.0, 13.7)     | (0, -22)                 | (-3, 0)                  | (-10, -3)                | (-0.35, -0.12)   | (720, 727)        | (278, 279)        | (2696, 2696)      | (72, 144)       |            1 |         1 |              125 |
| 170 | (18.5, 14.0)     | (1, -21)                 | (0, 0)                   | (-4, 0)                  | (0.32, -0.24)    | (719, 726)        | (278, 278)        | (2704, 2704)      | (47, 141)       |            1 |         1 |              127 |
| 175 | (19.1, 14.2)     | (20, -23)                | (-1, 1)                  | (-84, 5)                 | (-0.16, -0.36)   | (719, 723)        | (278, 278)        | (2710, 2713)      | (10, 144)       |            1 |         1 |              129 |
| 180 | (19.6, 14.2)     | (-2, -23)                | (0, 1)                   | (7, 5)                   | (-0.77, -0.36)   | (720, 723)        | (278, 278)        | (2711, 2713)      | (12, 144)       |            1 |         1 |              129 |
| 185 | (20.2, 14.2)     | (0, -23)                 | (0, 1)                   | (-13, 5)                 | (-0.89, -0.36)   | (720, 723)        | (278, 278)        | (2712, 2713)      | (2, 144)        |            1 |         1 |              129 |
| 190 | (20.7, 14.2)     | (4, -23)                 | (0, 1)                   | (-11, 5)                 | (-0.66, -0.36)   | (722, 723)        | (278, 278)        | (2712, 2713)      | (24, 144)       |            1 |         1 |              129 |
| 195 | (21.2, 14.1)     | (-8, -22)                | (0, 0)                   | (10, 3)                  | (-0.07, -0.3)    | (725, 724)        | (278, 278)        | (2709, 2709)      | (28, 142)       |            1 |         1 |              128 |
| 200 | (21.8, 14.1)     | (-7, -22)                | (0, 0)                   | (10, 3)                  | (0.45, -0.3)     | (727, 724)        | (278, 278)        | (2708, 2709)      | (11, 142)       |            1 |         1 |              128 |
| 205 | (22.3, 14.1)     | (-3, -22)                | (0, 0)                   | (11, 3)                  | (0.64, -0.3)     | (729, 724)        | (278, 278)        | (2710, 2709)      | (31, 142)       |            1 |         1 |              128 |
| 210 | (22.8, 14.2)     | (-10, -23)               | (0, 1)                   | (0, 5)                   | (0.3, -0.36)     | (732, 723)        | (278, 278)        | (2715, 2713)      | (36, 144)       |            1 |         1 |              129 |
| 215 | (23.4, 14.3)     | (-9, -30)                | (0, 8)                   | (8, 0)                   | (-0.29, -0.42)   | (731, 722)        | (279, 278)        | (2722, 2717)      | (52, 143)       |            1 |         1 |              130 |
| 220 | (23.9, 14.4)     | (-8, -29)                | (1, 11)                  | (11, -2)                 | (-0.9, -0.5)     | (727, 720)        | (279, 278)        | (2729, 2721)      | (66, 142)       |            1 |         1 |              131 |
| 225 | (24.5, 14.7)     | (-11, -1)                | (-1, -10)                | (4, 0)                   | (-1.45, -0.74)   | (720, 713)        | (279, 279)        | (2737, 2732)      | (69, 140)       |            1 |         1 |              134 |
| 230 | (25.0, 14.9)     | (-5, -12)                | (0, 0)                   | (3, 4)                   | (-1.73, -0.84)   | (710, 709)        | (278, 278)        | (2741, 2739)      | (73, 141)       |            1 |         1 |              136 |
| 235 | (25.5, 15.2)     | (-3, -14)                | (0, -1)                  | (-7, 7)                  | (-1.34, -0.91)   | (701, 703)        | (278, 278)        | (2745, 2746)      | (56, 145)       |            1 |         1 |              138 |
| 240 | (26.1, 15.4)     | (12, -15)                | (0, -1)                  | (10, 7)                  | (-0.68, -0.93)   | (694, 696)        | (278, 278)        | (2749, 2753)      | (61, 150)       |            1 |         1 |              140 |
| 245 | (26.6, 15.6)     | (4, -17)                 | (0, 0)                   | (11, 4)                  | (-0.41, -0.94)   | (687, 689)        | (278, 278)        | (2758, 2759)      | (82, 155)       |            1 |         1 |              142 |
| 250 | (27.2, 16.0)     | (-16, -19)               | (0, 0)                   | (4, -1)                  | (-0.76, -1.06)   | (679, 677)        | (278, 278)        | (2770, 2767)      | (95, 150)       |            1 |         1 |              145 |
| 255 | (27.8, 16.3)     | (-38, -20)               | (2, 0)                   | (-39, 8)                 | (-1.03, -1.23)   | (667, 664)        | (278, 277)        | (2779, 2773)      | (85, 157)       |            1 |         1 |              148 |
| 260 | (28.3, 16.5)     | (-17, -16)               | (0, 0)                   | (6, 7)                   | (-1.58, -1.31)   | (655, 654)        | (277, 277)        | (2781, 2776)      | (84, 163)       |            1 |         1 |              150 |
| 265 | (28.9, 16.8)     | (9, -14)                 | (0, -1)                  | (6, 10)                  | (-1.63, -1.43)   | (641, 640)        | (277, 277)        | (2780, 2779)      | (97, 172)       |            1 |         2 |              153 |
| 270 | (29.4, 17.2)     | (4, 17)                  | (1, 2)                   | (4, 4)                   | (-1.51, -1.35)   | (625, 623)        | (277, 277)        | (2780, 2782)      | (108, 178)      |            1 |         2 |              156 |
| 275 | (30.0, 17.4)     | (12, 23)                 | (1, 0)                   | (6, 6)                   | (-1.33, -1.23)   | (608, 612)        | (276, 276)        | (2782, 2785)      | (119, 182)      |            1 |         2 |              158 |
| 280 | (30.5, 17.9)     | (8, 1)                   | (-1, -5)                 | (0, 7)                   | (-1.18, -1.15)   | (590, 590)        | (276, 276)        | (2788, 2794)      | (123, 193)      |            1 |         2 |              162 |
| 285 | (31.0, 18.2)     | (8, 10)                  | (-2, -5)                 | (0, -8)                  | (-1.06, -1.11)   | (574, 574)        | (275, 275)        | (2796, 2801)      | (119, 193)      |            1 |         2 |              165 |
| 290 | (31.6, 18.5)     | (2, 18)                  | (-1, -4)                 | (6, -1)                  | (-1.02, -0.93)   | (558, 559)        | (274, 273)        | (2805, 2809)      | (130, 183)      |            1 |         2 |              168 |
| 295 | (32.1, 19.0)     | (5, 5)                   | (0, -4)                  | (-1, -5)                 | (-0.97, -0.88)   | (540, 542)        | (271, 271)        | (2817, 2822)      | (135, 159)      |            1 |         2 |              172 |
| 300 | (32.7, 19.4)     | (7, -2)                  | (0, 0)                   | (-1, -4)                 | (-0.83, -1.12)   | (524, 527)        | (269, 269)        | (2829, 2831)      | (131, 142)      |            1 |         2 |              176 |
| 305 | (33.2, 19.9)     | (-11, -3)                | (0, 0)                   | (-18, -5)                | (-0.89, -1.09)   | (512, 512)        | (267, 267)        | (2839, 2839)      | (115, 120)      |            1 |         2 |              180 |
| 310 | (33.7, 20.4)     | (-18, -14)               | (0, 0)                   | (-3, -1)                 | (-1.3, -1.36)    | (499, 498)        | (267, 267)        | (2847, 2845)      | (80, 115)       |            1 |         2 |              184 |
| 315 | (34.3, 20.7)     | (-17, -20)               | (0, 0)                   | (2, -2)                  | (-1.74, -1.58)   | (487, 488)        | (267, 267)        | (2848, 2846)      | (79, 110)       |            1 |         2 |              187 |
| 320 | (34.8, 21.1)     | (-13, -8)                | (2, -3)                  | (9, 3)                   | (-2.1, -1.8)     | (475, 475)        | (267, 267)        | (2843, 2845)      | (89, 113)       |            1 |         2 |              191 |
| 325 | (35.4, 21.6)     | (1, -10)                 | (0, 0)                   | (5, 9)                   | (-2.09, -2.17)   | (462, 462)        | (267, 267)        | (2836, 2838)      | (101, 112)      |            1 |         2 |              196 |
| 330 | (35.9, 22.2)     | (-7, -25)                | (1, 4)                   | (4, -6)                  | (-2.11, -2.42)   | (448, 448)        | (267, 267)        | (2828, 2826)      | (112, 109)      |            1 |         2 |              201 |
| 335 | (36.5, 22.6)     | (-22, -17)               | (0, 1)                   | (-2, -2)                 | (-2.5, -2.65)    | (436, 440)        | (267, 267)        | (2817, 2816)      | (104, 103)      |            1 |         2 |              205 |
| 340 | (37.0, 23.1)     | (-20, -14)               | (0, -2)                  | (2, -2)                  | (-2.91, -2.97)   | (429, 436)        | (267, 267)        | (2804, 2804)      | (98, 96)        |            1 |         2 |              209 |
| 345 | (37.6, 23.6)     | (-16, -16)               | (1, 1)                   | (9, 11)                  | (3.05, 2.99)     | (428, 436)        | (267, 267)        | (2788, 2788)      | (115, 112)      |            1 |         2 |              214 |
| 350 | (38.1, 24.1)     | (-16, -16)               | (-1, -1)                 | (-2, 7)                  | (2.58, 2.79)     | (433, 439)        | (268, 267)        | (2773, 2773)      | (93, 127)       |            1 |         2 |              218 |
| 355 | (38.6, 24.3)     | (-10, -15)               | (-1, 0)                  | (2, -2)                  | (2.06, 2.71)     | (442, 442)        | (267, 267)        | (2763, 2765)      | (90, 128)       |            1 |         2 |              220 |
| 360 | (39.2, 24.8)     | (-8, -21)                | (0, 0)                   | (3, -3)                  | (1.74, 2.4)      | (455, 451)        | (267, 267)        | (2757, 2751)      | (93, 118)       |            1 |         2 |              224 |
| 365 | (39.8, 25.0)     | (-14, -21)               | (-1, 0)                  | (0, -1)                  | (1.97, 2.24)     | (461, 456)        | (267, 268)        | (2753, 2746)      | (30, 115)       |            1 |         2 |              226 |
| 370 | (40.3, 25.1)     | (-2, -20)                | (0, 0)                   | (-13, 3)                 | (2.04, 2.18)     | (464, 459)        | (267, 268)        | (2751, 2744)      | (10, 116)       |            1 |         2 |              227 |
| 375 | (40.9, 25.1)     | (0, -20)                 | (0, 0)                   | (9, 3)                   | (1.97, 2.18)     | (464, 459)        | (267, 268)        | (2751, 2744)      | (4, 116)        |            1 |         2 |              227 |
| 380 | (41.5, 25.2)     | (0, -18)                 | (-1, 0)                  | (10, 8)                  | (2.01, 2.12)     | (467, 462)        | (267, 268)        | (2750, 2742)      | (31, 119)       |            1 |         2 |              228 |
| 385 | (42.1, 25.6)     | (2, -15)                 | (0, 0)                   | (14, 10)                 | (2.1, 1.97)      | (473, 472)        | (268, 268)        | (2746, 2737)      | (55, 131)       |            1 |         2 |              231 |
| 390 | (42.6, 25.8)     | (-2, -7)                 | (-1, 0)                  | (5, 3)                   | (2.04, 1.92)     | (482, 479)        | (268, 268)        | (2741, 2734)      | (79, 136)       |            1 |         2 |              233 |
| 395 | (43.2, 26.1)     | (0, -6)                  | (0, 0)                   | (11, 9)                  | (2.02, 1.87)     | (495, 492)        | (268, 268)        | (2735, 2730)      | (101, 147)      |            1 |         2 |              236 |
| 400 | (43.7, 26.5)     | (-2, 3)                  | (0, 0)                   | (12, 9)                  | (1.99, 1.86)     | (510, 509)        | (268, 268)        | (2728, 2724)      | (124, 161)      |            1 |         2 |              240 |
| 405 | (44.2, 27.0)     | (-5, -4)                 | (2, 5)                   | (9, 7)                   | (1.93, 1.88)     | (528, 529)        | (268, 268)        | (2720, 2718)      | (140, 174)      |            1 |         3 |              244 |
| 410 | (44.8, 27.4)     | (-4, -11)                | (0, 0)                   | (8, 6)                   | (1.89, 1.77)     | (550, 549)        | (269, 269)        | (2712, 2713)      | (158, 182)      |            1 |         3 |              248 |
| 415 | (45.3, 27.9)     | (-22, -23)               | (0, 2)                   | (-3, 6)                  | (1.72, 1.6)      | (574, 577)        | (269, 269)        | (2706, 2709)      | (162, 193)      |            1 |         3 |              253 |
| 420 | (45.9, 28.4)     | (-23, -26)               | (0, 0)                   | (-3, -2)                 | (1.39, 1.37)     | (598, 600)        | (270, 270)        | (2705, 2711)      | (152, 194)      |            1 |         3 |              257 |
| 425 | (46.4, 28.7)     | (-13, -26)               | (1, 0)                   | (5, -3)                  | (1.22, 1.21)     | (620, 616)        | (270, 270)        | (2711, 2715)      | (152, 188)      |            1 |         3 |              260 |
| 430 | (47.0, 29.1)     | (-8, -19)                | (-7, -2)                 | (2, 1)                   | (0.94, 0.99)     | (641, 638)        | (271, 270)        | (2722, 2725)      | (161, 182)      |            1 |         3 |              264 |
| 435 | (47.5, 29.6)     | (0, -21)                 | (0, 0)                   | (3, 6)                   | (0.76, 0.82)     | (659, 656)        | (271, 271)        | (2738, 2739)      | (153, 190)      |            1 |         3 |              268 |
| 440 | (48.1, 30.0)     | (0, -6)                  | (3, 5)                   | (4, 6)                   | (0.83, 0.69)     | (677, 673)        | (271, 271)        | (2755, 2757)      | (162, 199)      |            1 |         3 |              272 |
| 445 | (48.7, 30.5)     | (-12, 23)                | (0, 3)                   | (3, 4)                   | (0.7, 0.8)       | (695, 689)        | (273, 273)        | (2774, 2775)      | (169, 207)      |            1 |         3 |              276 |
| 450 | (49.2, 31.0)     | (12, 33)                 | (9, 3)                   | (-4, -3)                 | (0.71, 1.04)     | (712, 713)        | (274, 275)        | (2794, 2796)      | (170, 196)      |            1 |         3 |              281 |
| 455 | (49.7, 31.4)     | (20, 15)                 | (-2, 2)                  | (-3, 1)                  | (1.04, 1.12)     | (730, 729)        | (276, 276)        | (2809, 2805)      | (160, 195)      |            1 |         3 |              284 |
| 460 | (50.3, 31.8)     | (25, 27)                 | (0, 1)                   | (-1, 0)                  | (1.31, 1.33)     | (750, 751)        | (278, 278)        | (2820, 2814)      | (148, 194)      |            1 |         3 |              288 |
| 465 | (50.8, 32.2)     | (63, 19)                 | (9, -2)                  | (-54, 1)                 | (1.55, 1.47)     | (772, 770)        | (279, 279)        | (2823, 2817)      | (126, 197)      |            1 |         3 |              291 |
| 470 | (51.4, 32.5)     | (9, 24)                  | (4, 0)                   | (8, -3)                  | (2.02, 1.63)     | (790, 788)        | (281, 281)        | (2819, 2818)      | (132, 190)      |            1 |         3 |              294 |
| 475 | (51.9, 32.9)     | (-6, 33)                 | (7, 7)                   | (2, 0)                   | (1.98, 1.9)      | (810, 811)        | (283, 283)        | (2811, 2815)      | (140, 186)      |            1 |         3 |              298 |
| 480 | (52.4, 33.4)     | (-7, -1)                 | (0, -4)                  | (4, 2)                   | (1.72, 1.96)     | (830, 833)        | (285, 286)        | (2806, 2806)      | (146, 192)      |            1 |         3 |              302 |
| 485 | (53.0, 33.7)     | (11, -2)                 | (7, -1)                  | (4, 5)                   | (1.82, 1.92)     | (852, 850)        | (289, 288)        | (2802, 2800)      | (154, 200)      |            1 |         3 |              305 |
| 490 | (53.5, 34.2)     | (0, 0)                   | (0, 0)                   | (4, 4)                   | (1.86, 1.93)     | (875, 873)        | (292, 292)        | (2795, 2791)      | (162, 208)      |            1 |         4 |              309 |
| 495 | (54.1, 34.6)     | (20, 0)                  | (0, 1)                   | (0, 4)                   | (2.02, 1.93)     | (900, 898)        | (295, 295)        | (2787, 2782)      | (168, 216)      |            1 |         4 |              313 |
| 500 | (54.7, 35.1)     | (5, 7)                   | (-3, -5)                 | (-4, 5)                  | (2.17, 1.99)     | (922, 923)        | (299, 299)        | (2774, 2772)      | (159, 223)      |            1 |         4 |              317 |
| 505 | (55.2, 35.4)     | (-3, 6)                  | (-1, -2)                 | (-3, -28)                | (2.09, 2.04)     | (942, 943)        | (301, 301)        | (2761, 2762)      | (150, 207)      |            1 |         4 |              320 |
| 510 | (55.8, 35.9)     | (0, 0)                   | (0, 0)                   | (-3, -32)                | (2.06, 2.04)     | (962, 962)        | (303, 303)        | (2750, 2753)      | (143, 157)      |            1 |         4 |              324 |
| 515 | (56.3, 36.4)     | (5, 20)                  | (-1, 0)                  | (-3, -5)                 | (2.05, 2.28)     | (980, 980)        | (305, 305)        | (2741, 2742)      | (138, 121)      |            1 |         4 |              329 |
| 520 | (56.9, 37.1)     | (20, 19)                 | (-1, 0)                  | (-2, -2)                 | (2.35, 2.61)     | (997, 994)        | (306, 306)        | (2729, 2727)      | (130, 112)      |            1 |         4 |              335 |
| 525 | (57.4, 37.5)     | (20, 21)                 | (0, 0)                   | (-15, -1)                | (2.65, 2.88)     | (1009, 1000)      | (306, 305)        | (2714, 2714)      | (117, 107)      |            1 |         4 |              339 |
| 530 | (58.0, 37.9)     | (3, 24)                  | (-1, 1)                  | (-18, -2)                | (-3.11, -3.14)   | (1012, 1001)      | (306, 305)        | (2703, 2704)      | (31, 103)       |            1 |         4 |              342 |
| 535 | (58.5, 38.0)     | (4, 22)                  | (0, 1)                   | (-11, 2)                 | (-2.26, -3.04)   | (1010, 1001)      | (306, 305)        | (2700, 2701)      | (17, 104)       |            1 |         4 |              343 |
| 540 | (59.1, 38.0)     | (-4, 22)                 | (0, 1)                   | (7, 2)                   | (-2.11, -3.04)   | (1009, 1001)      | (306, 305)        | (2699, 2701)      | (13, 104)       |            1 |         4 |              343 |
| 545 | (59.6, 38.2)     | (-2, 17)                 | (0, 0)                   | (15, 10)                 | (-2.61, -2.91)   | (1006, 1000)      | (305, 305)        | (2696, 2695)      | (43, 109)       |            1 |         4 |              345 |
| 550 | (60.2, 38.4)     | (-10, 16)                | (4, 0)                   | (15, 12)                 | (-2.92, -2.79)   | (1002, 998)       | (305, 305)        | (2688, 2688)      | (70, 119)       |            1 |         4 |              347 |
| 555 | (60.7, 38.6)     | (0, 12)                  | (-1, 0)                  | (4, 12)                  | (-2.79, -2.71)   | (997, 995)        | (305, 304)        | (2679, 2681)      | (61, 128)       |            1 |         4 |              349 |
| 560 | (61.3, 38.9)     | (8, 6)                   | (-2, -7)                 | (7, 1)                   | (-2.29, -2.58)   | (991, 990)        | (304, 304)        | (2671, 2670)      | (76, 133)       |            1 |         4 |              352 |
| 565 | (61.9, 39.3)     | (2, 14)                  | (1, 0)                   | (11, 7)                  | (-2.11, -2.43)   | (980, 982)        | (303, 303)        | (2663, 2660)      | (92, 138)       |            1 |         4 |              355 |
| 570 | (62.4, 39.6)     | (-10, 0)                 | (0, 0)                   | (5, 9)                   | (-2.36, -2.4)    | (969, 973)        | (302, 302)        | (2654, 2650)      | (101, 150)      |            1 |         4 |              358 |
| 575 | (63.0, 40.0)     | (-1, -3)                 | (0, 1)                   | (8, 10)                  | (-2.42, -2.44)   | (958, 964)        | (301, 301)        | (2642, 2639)      | (113, 162)      |            1 |         4 |              361 |
| 580 | (63.5, 40.4)     | (-6, -2)                 | (0, 0)                   | (8, 9)                   | (-2.48, -2.45)   | (945, 950)        | (300, 300)        | (2627, 2623)      | (131, 176)      |            1 |         4 |              365 |
| 585 | (64.1, 40.8)     | (-11, 0)                 | (0, 0)                   | (6, 7)                   | (-2.58, -2.45)   | (933, 937)        | (299, 299)        | (2611, 2607)      | (142, 185)      |            1 |         4 |              369 |
```


[Round Markdown]
Lap ID: 159 | Lap: 2 | Segment: 4 | Track ID: [931, 2603] | Driver: NS
```markdown
|     | timestamp in s   | acceleration_x in m/s²   | acceleration_y in m/s²   | acceleration_z in m/s²   | yaw in degrees   | position_x in m   | position_y in m   | position_z in m   | speed in km/h   |   lap_number |   segment |   fast_match_idx |
|----:|:-----------------|:-------------------------|:-------------------------|:-------------------------|:-----------------|:------------------|:------------------|:------------------|:----------------|-------------:|----------:|-----------------:|
|   0 | (0.0, 0.0)       | (0, -2)                  | (0, 0)                   | (6, 6)                   | (-2.6, -2.49)    | (922, 924)        | (297, 297)        | (2593, 2589)      | (154, 197)      |            2 |         0 |                0 |
|   5 | (0.6, 0.4)       | (0, 2)                   | (2, 2)                   | (6, 6)                   | (-2.6, -2.49)    | (909, 909)        | (296, 296)        | (2570, 2570)      | (169, 207)      |            2 |         0 |                4 |
|  10 | (1.1, 0.9)       | (3, 9)                   | (5, -1)                  | (0, 6)                   | (-2.6, -2.43)    | (895, 893)        | (295, 294)        | (2547, 2550)      | (176, 217)      |            2 |         0 |                8 |
|  15 | (1.7, 1.3)       | (10, 10)                 | (0, -4)                  | (-2, 6)                  | (-2.41, -2.33)   | (880, 874)        | (293, 293)        | (2528, 2530)      | (161, 227)      |            2 |         0 |               12 |
|  20 | (2.2, 1.7)       | (0, 20)                  | (0, 2)                   | (-1, 2)                  | (-2.38, -2.25)   | (863, 858)        | (292, 292)        | (2511, 2515)      | (158, 231)      |            2 |         0 |               15 |
|  25 | (2.7, 2.0)       | (30, 19)                 | (9, 0)                   | (0, 4)                   | (-2.12, -2.14)   | (846, 841)        | (291, 290)        | (2496, 2503)      | (157, 236)      |            2 |         0 |               18 |
|  30 | (3.3, 2.3)       | (8, 6)                   | (-4, -6)                 | (0, 4)                   | (-1.92, -2.08)   | (824, 821)        | (289, 289)        | (2485, 2491)      | (153, 241)      |            2 |         0 |               21 |
|  35 | (3.8, 2.7)       | (-1, 1)                  | (0, 1)                   | (3, 4)                   | (-1.93, -2.06)   | (802, 801)        | (287, 287)        | (2477, 2480)      | (159, 247)      |            2 |         0 |               24 |
|  40 | (4.4, 3.0)       | (0, 9)                   | (2, 5)                   | (3, 4)                   | (-1.93, -2.02)   | (780, 781)        | (285, 285)        | (2469, 2470)      | (166, 253)      |            2 |         0 |               27 |
|  45 | (4.9, 3.4)       | (0, 18)                  | (2, 0)                   | (-1, 5)                  | (-1.93, -1.93)   | (756, 754)        | (284, 284)        | (2459, 2458)      | (172, 259)      |            2 |         0 |               31 |
|  50 | (5.4, 3.7)       | (0, 12)                  | (2, 4)                   | (1, -17)                 | (-1.93, -1.87)   | (732, 732)        | (282, 282)        | (2450, 2450)      | (174, 252)      |            2 |         0 |               34 |
|  55 | (6.0, 4.2)       | (22, 20)                 | (1, 2)                   | (-1, -24)                | (-1.77, -1.78)   | (706, 706)        | (282, 282)        | (2442, 2443)      | (168, 206)      |            2 |         0 |               38 |
|  60 | (6.5, 4.6)       | (24, 26)                 | (0, 0)                   | (-2, -4)                 | (-1.48, -1.53)   | (682, 683)        | (281, 281)        | (2440, 2440)      | (161, 192)      |            2 |         0 |               42 |
|  65 | (7.1, 5.1)       | (10, 27)                 | (2, 1)                   | (2, -2)                  | (-1.26, -1.27)   | (658, 657)        | (281, 281)        | (2445, 2443)      | (159, 170)      |            2 |         0 |               47 |
|  70 | (7.7, 5.7)       | (23, 24)                 | (0, 0)                   | (1, -2)                  | (-0.97, -0.97)   | (634, 634)        | (281, 281)        | (2456, 2454)      | (165, 162)      |            2 |         0 |               52 |
|  75 | (8.2, 6.2)       | (24, 23)                 | (0, 5)                   | (-1, 0)                  | (-0.66, -0.67)   | (616, 616)        | (281, 281)        | (2472, 2469)      | (158, 155)      |            2 |         0 |               57 |
|  80 | (8.7, 6.7)       | (0, 0)                   | (0, 0)                   | (5, 6)                   | (-0.5, -0.57)    | (603, 602)        | (280, 281)        | (2492, 2489)      | (165, 166)      |            2 |         1 |               62 |
|  85 | (9.3, 7.4)       | (14, 21)                 | (2, 0)                   | (-3, -15)                | (-0.51, -0.24)   | (590, 588)        | (280, 280)        | (2514, 2516)      | (166, 138)      |            2 |         1 |               68 |
|  90 | (9.8, 8.1)       | (27, 24)                 | (1, 1)                   | (-2, -1)                 | (-0.16, 0.15)    | (581, 586)        | (280, 280)        | (2537, 2538)      | (158, 120)      |            2 |         1 |               74 |
|  95 | (10.4, 8.6)      | (49, 18)                 | (0, 1)                   | (-33, 9)                 | (0.16, 0.42)     | (581, 591)        | (280, 280)        | (2560, 2557)      | (126, 133)      |            2 |         1 |               79 |
| 100 | (10.9, 9.0)      | (25, 17)                 | (0, 0)                   | (0, 9)                   | (0.87, 0.58)     | (589, 597)        | (280, 280)        | (2574, 2568)      | (106, 142)      |            2 |         1 |               82 |
| 105 | (11.5, 9.3)      | (9, 18)                  | (-2, 0)                  | (7, 4)                   | (1.5, 0.74)      | (601, 605)        | (280, 280)        | (2584, 2579)      | (102, 149)      |            2 |         1 |               85 |
| 110 | (12.0, 9.6)      | (6, 22)                  | (0, 0)                   | (3, 4)                   | (1.68, 0.93)     | (615, 615)        | (280, 280)        | (2591, 2588)      | (111, 153)      |            2 |         1 |               88 |
| 115 | (12.5, 10.0)     | (-10, 21)                | (0, 0)                   | (-3, 6)                  | (1.15, 1.1)      | (629, 628)        | (280, 280)        | (2596, 2597)      | (90, 157)       |            2 |         1 |               91 |
| 120 | (13.1, 10.3)     | (-5, 20)                 | (0, 1)                   | (2, 8)                   | (0.64, 1.23)     | (641, 642)        | (280, 280)        | (2603, 2603)      | (94, 167)       |            2 |         1 |               94 |
| 125 | (13.6, 10.5)     | (2, 14)                  | (-1, -1)                 | (-9, 9)                  | (0.69, 1.32)     | (652, 652)        | (280, 280)        | (2610, 2606)      | (69, 174)       |            2 |         1 |               96 |
| 130 | (14.2, 10.8)     | (11, -1)                 | (0, 0)                   | (0, -15)                 | (1.35, 1.32)     | (661, 662)        | (280, 279)        | (2614, 2609)      | (59, 169)       |            2 |         1 |               98 |
| 135 | (14.7, 11.0)     | (6, -14)                 | (1, 0)                   | (14, -21)                | (1.72, 1.23)     | (670, 672)        | (279, 279)        | (2615, 2612)      | (73, 151)       |            2 |         1 |              100 |
| 140 | (15.2, 11.2)     | (-13, -24)               | (0, 0)                   | (6, -3)                  | (1.56, 1.08)     | (683, 680)        | (279, 279)        | (2614, 2615)      | (93, 145)       |            2 |         1 |              102 |
| 145 | (15.8, 11.5)     | (-19, -11)               | (1, 0)                   | (2, -2)                  | (1.18, 0.97)     | (696, 692)        | (279, 279)        | (2617, 2622)      | (93, 141)       |            2 |         1 |              105 |
| 150 | (16.3, 11.9)     | (-15, -19)               | (0, 1)                   | (8, -3)                  | (0.77, 0.85)     | (709, 703)        | (279, 279)        | (2624, 2630)      | (105, 136)      |            2 |         1 |              108 |
| 155 | (16.9, 12.3)     | (-17, -22)               | (0, 0)                   | (9, -1)                  | (0.54, 0.58)     | (721, 713)        | (279, 279)        | (2637, 2641)      | (121, 131)      |            2 |         1 |              112 |
| 160 | (17.5, 12.7)     | (-50, -18)               | (1, 0)                   | (-39, 9)                 | (0.34, 0.36)     | (729, 721)        | (279, 279)        | (2655, 2656)      | (105, 139)      |            2 |         1 |              116 |
| 165 | (18.0, 13.1)     | (-21, -17)               | (1, 1)                   | (0, 8)                   | (-0.33, 0.21)    | (730, 724)        | (279, 279)        | (2669, 2668)      | (91, 149)       |            2 |         1 |              119 |
| 170 | (18.6, 13.4)     | (-5, -19)                | (0, 0)                   | (-3, -7)                 | (-0.76, 0.08)    | (726, 727)        | (279, 279)        | (2682, 2682)      | (81, 151)       |            2 |         1 |              122 |
| 175 | (19.1, 13.6)     | (-2, -22)                | (0, 0)                   | (-6, -3)                 | (-0.49, -0.05)   | (722, 727)        | (278, 279)        | (2692, 2691)      | (70, 145)       |            2 |         1 |              124 |
| 180 | (19.6, 13.8)     | (8, -21)                 | (-3, 0)                  | (-4, -2)                 | (0.12, -0.17)    | (720, 726)        | (278, 278)        | (2702, 2700)      | (61, 142)       |            2 |         1 |              126 |
| 185 | (20.2, 14.1)     | (3, -22)                 | (0, 0)                   | (-3, 3)                  | (0.41, -0.3)     | (722, 724)        | (278, 278)        | (2710, 2709)      | (53, 142)       |            2 |         1 |              128 |
| 190 | (20.7, 14.3)     | (-16, -30)               | (0, 8)                   | (3, 0)                   | (-0.1, -0.42)    | (723, 722)        | (278, 278)        | (2718, 2717)      | (54, 143)       |            2 |         1 |              130 |
| 195 | (21.3, 14.5)     | (-11, -13)               | (-1, -4)                 | (7, -1)                  | (-0.64, -0.6)    | (719, 717)        | (279, 279)        | (2726, 2725)      | (64, 140)       |            2 |         1 |              132 |
| 200 | (21.8, 14.8)     | (0, -4)                  | (0, -7)                  | (8, 3)                   | (-0.75, -0.8)    | (712, 711)        | (278, 279)        | (2735, 2736)      | (81, 141)       |            2 |         1 |              135 |
| 205 | (22.4, 15.2)     | (-1, -14)                | (0, -1)                  | (6, 7)                   | (-0.75, -0.91)   | (702, 703)        | (278, 278)        | (2745, 2746)      | (95, 145)       |            2 |         1 |              138 |
| 210 | (22.9, 15.5)     | (0, -17)                 | (0, 0)                   | (6, 9)                   | (-0.82, -0.94)   | (691, 693)        | (278, 278)        | (2755, 2756)      | (107, 153)      |            2 |         1 |              141 |
| 215 | (23.5, 16.0)     | (-11, -19)               | (0, 0)                   | (2, -1)                  | (-0.89, -1.06)   | (678, 677)        | (278, 278)        | (2767, 2767)      | (117, 150)      |            2 |         1 |              145 |
| 220 | (24.0, 16.3)     | (-21, -20)               | (0, 0)                   | (-1, 8)                  | (-1.25, -1.23)   | (664, 664)        | (277, 277)        | (2776, 2773)      | (104, 157)      |            2 |         1 |              148 |
| 225 | (24.6, 16.6)     | (0, -16)                 | (0, 0)                   | (3, 8)                   | (-1.39, -1.35)   | (648, 650)        | (277, 277)        | (2779, 2777)      | (103, 165)      |            2 |         1 |              151 |
| 230 | (25.1, 17.0)     | (0, -4)                  | (0, 0)                   | (5, 8)                   | (-1.39, -1.44)   | (632, 634)        | (277, 277)        | (2782, 2780)      | (112, 176)      |            2 |         2 |              154 |
| 235 | (25.7, 17.4)     | (10, 23)                 | (0, 0)                   | (-2, 6)                  | (-1.34, -1.23)   | (614, 612)        | (276, 276)        | (2786, 2785)      | (117, 182)      |            2 |         2 |              158 |
| 240 | (26.2, 17.8)     | (6, 6)                   | (-2, -5)                 | (3, 6)                   | (-1.18, -1.13)   | (598, 596)        | (276, 276)        | (2791, 2791)      | (121, 190)      |            2 |         2 |              161 |
| 245 | (26.8, 18.1)     | (-8, 2)                  | (-1, -5)                 | (5, 4)                   | (-1.24, -1.15)   | (580, 580)        | (275, 275)        | (2798, 2798)      | (125, 197)      |            2 |         2 |              164 |
| 250 | (27.3, 18.4)     | (5, 19)                  | (-1, -4)                 | (-1, -5)                 | (-1.21, -0.99)   | (562, 564)        | (274, 274)        | (2805, 2806)      | (132, 184)      |            2 |         2 |              167 |
| 255 | (27.8, 18.8)     | (22, 10)                 | (0, 4)                   | (-2, -21)                | (-0.91, -0.86)   | (545, 550)        | (272, 272)        | (2814, 2815)      | (125, 169)      |            2 |         2 |              170 |
| 260 | (28.4, 19.3)     | (0, -26)                 | (3, 0)                   | (-3, -10)                | (-0.76, -1.09)   | (531, 531)        | (270, 270)        | (2827, 2829)      | (118, 143)      |            2 |         2 |              175 |
| 265 | (29.0, 19.7)     | (-21, -6)                | (3, 3)                   | (-2, -22)                | (-0.96, -1.07)   | (519, 519)        | (268, 268)        | (2839, 2836)      | (112, 130)      |            2 |         2 |              178 |
| 270 | (29.5, 20.2)     | (-27, -21)               | (7, 11)                  | (-3, -2)                 | (-1.37, -1.29)   | (504, 502)        | (267, 267)        | (2846, 2844)      | (94, 116)       |            2 |         2 |              183 |
| 275 | (30.1, 20.6)     | (-18, -21)               | (0, 0)                   | (-2, -2)                 | (-1.79, -1.51)   | (491, 491)        | (267, 267)        | (2846, 2846)      | (86, 111)       |            2 |         2 |              186 |
| 280 | (30.6, 21.0)     | (1, -15)                 | (0, 2)                   | (10, 5)                  | (-2.0, -1.75)    | (477, 479)        | (267, 267)        | (2841, 2845)      | (101, 111)      |            2 |         2 |              190 |
| 285 | (31.2, 21.7)     | (0, -7)                  | (0, 0)                   | (10, 7)                  | (-1.97, -2.18)   | (461, 459)        | (267, 267)        | (2834, 2836)      | (123, 115)      |            2 |         2 |              197 |
| 290 | (31.7, 22.3)     | (-20, -18)               | (1, 0)                   | (4, -2)                  | (-2.17, -2.49)   | (443, 446)        | (267, 267)        | (2825, 2824)      | (134, 107)      |            2 |         2 |              202 |
| 295 | (32.3, 22.8)     | (-23, -26)               | (0, 8)                   | (-2, -3)                 | (-2.55, -2.81)   | (429, 438)        | (267, 267)        | (2813, 2810)      | (115, 100)      |            2 |         2 |              207 |
| 300 | (32.8, 23.3)     | (-93, -16)               | (2, 0)                   | (-104, 7)                | (-2.97, -3.09)   | (422, 435)        | (267, 267)        | (2798, 2798)      | (67, 100)       |            2 |         2 |              211 |
| 305 | (33.4, 23.5)     | (-4, -13)                | (-3, -1)                 | (1, 9)                   | (2.59, 3.06)     | (425, 435)        | (267, 267)        | (2790, 2792)      | (54, 107)       |            2 |         2 |              213 |
| 310 | (33.9, 23.7)     | (-5, -8)                 | (0, -3)                  | (11, 10)                 | (2.39, 2.93)     | (430, 436)        | (267, 267)        | (2782, 2784)      | (73, 116)       |            2 |         2 |              215 |
| 315 | (34.5, 24.1)     | (2, -16)                 | (0, -1)                  | (9, 7)                   | (2.61, 2.79)     | (438, 439)        | (267, 267)        | (2772, 2773)      | (94, 127)       |            2 |         2 |              218 |
| 320 | (35.0, 24.6)     | (-9, -25)                | (2, 3)                   | (6, -4)                  | (2.57, 2.56)     | (446, 446)        | (267, 267)        | (2759, 2758)      | (110, 123)      |            2 |         2 |              222 |
| 325 | (35.5, 25.0)     | (-20, -21)               | (0, 0)                   | (5, -1)                  | (2.2, 2.24)      | (456, 456)        | (268, 268)        | (2747, 2746)      | (109, 115)      |            2 |         2 |              226 |
| 330 | (36.1, 25.6)     | (-6, -15)                | (0, 0)                   | (8, 10)                  | (1.93, 1.97)     | (473, 472)        | (268, 268)        | (2739, 2737)      | (122, 131)      |            2 |         2 |              231 |
| 335 | (36.6, 26.1)     | (0, -6)                  | (0, 0)                   | (5, 9)                   | (1.93, 1.87)     | (491, 492)        | (268, 268)        | (2732, 2730)      | (135, 147)      |            2 |         2 |              236 |
| 340 | (37.2, 26.5)     | (0, 3)                   | (0, 0)                   | (5, 9)                   | (1.93, 1.86)     | (511, 509)        | (268, 268)        | (2724, 2724)      | (147, 161)      |            2 |         2 |              240 |
| 345 | (37.7, 27.1)     | (0, -10)                 | (-3, 0)                  | (3, 2)                   | (1.92, 1.84)     | (532, 533)        | (269, 269)        | (2716, 2717)      | (159, 175)      |            2 |         3 |              245 |
| 350 | (38.2, 27.5)     | (-3, -12)                | (-3, 0)                  | (4, 5)                   | (1.84, 1.73)     | (556, 555)        | (269, 269)        | (2709, 2712)      | (170, 184)      |            2 |         3 |              249 |
| 355 | (38.8, 28.0)     | (-26, -26)               | (1, 3)                   | (-1, 5)                  | (1.59, 1.54)     | (582, 583)        | (269, 269)        | (2704, 2709)      | (173, 194)      |            2 |         3 |              254 |
| 360 | (39.4, 28.5)     | (-25, -29)               | (0, 2)                   | (-2, -3)                 | (1.28, 1.31)     | (608, 606)        | (270, 270)        | (2707, 2712)      | (164, 192)      |            2 |         3 |              258 |
| 365 | (39.9, 28.9)     | (-24, -26)               | (0, 0)                   | (0, -3)                  | (0.98, 1.09)     | (631, 627)        | (270, 270)        | (2717, 2719)      | (158, 184)      |            2 |         3 |              262 |
| 370 | (40.4, 29.4)     | (-2, -22)                | (1, 0)                   | (3, 5)                   | (0.85, 0.9)      | (649, 647)        | (271, 271)        | (2731, 2731)      | (163, 186)      |            2 |         3 |              266 |
| 375 | (41.0, 29.9)     | (0, -16)                 | (3, 4)                   | (3, 6)                   | (0.85, 0.69)     | (669, 669)        | (271, 271)        | (2749, 2753)      | (170, 197)      |            2 |         3 |              271 |
| 380 | (41.5, 15.7)     | (-12, -12)               | (6, 0)                   | (2, -2)                  | (0.76, -0.96)    | (688, 685)        | (272, 278)        | (2766, 2762)      | (175, 153)      |            2 |         3 |              143 |
| 385 | (42.1, 30.8)     | (0, 25)                  | (-10, 0)                 | (-1, -8)                 | (0.76, 0.97)     | (707, 704)        | (274, 274)        | (2787, 2789)      | (179, 201)      |            2 |         3 |              279 |
| 390 | (42.7, 31.4)     | (21, 15)                 | (2, 2)                   | (-2, 1)                  | (0.97, 1.12)     | (727, 729)        | (276, 276)        | (2805, 2805)      | (170, 195)      |            2 |         3 |              284 |
| 395 | (43.2, 31.8)     | (23, 27)                 | (0, 1)                   | (-3, 0)                  | (1.21, 1.33)     | (749, 751)        | (278, 278)        | (2818, 2814)      | (161, 194)      |            2 |         3 |              288 |
| 400 | (43.8, 32.3)     | (76, 24)                 | (7, 0)                   | (-76, -3)                | (1.54, 1.52)     | (773, 776)        | (279, 280)        | (2823, 2818)      | (122, 195)      |            2 |         3 |              292 |
| 405 | (44.3, 32.5)     | (12, 24)                 | (3, 0)                   | (-3, -3)                 | (2.01, 1.63)     | (790, 788)        | (281, 281)        | (2820, 2818)      | (112, 190)      |            2 |         3 |              294 |
| 410 | (44.9, 32.8)     | (-11, 50)                | (0, -11)                 | (0, -6)                  | (1.95, 1.81)     | (805, 805)        | (282, 282)        | (2814, 2816)      | (108, 187)      |            2 |         3 |              297 |
| 415 | (45.4, 33.2)     | (-1, 6)                  | (4, 8)                   | (2, 5)                   | (1.72, 1.99)     | (821, 822)        | (284, 284)        | (2810, 2811)      | (113, 190)      |            2 |         3 |              300 |
| 420 | (46.0, 33.5)     | (13, -8)                 | (0, 1)                   | (4, 6)                   | (1.92, 1.93)     | (839, 838)        | (287, 286)        | (2806, 2804)      | (121, 195)      |            2 |         3 |              303 |
| 425 | (46.5, 33.8)     | (-4, 1)                  | (0, 0)                   | (3, 5)                   | (1.94, 1.92)     | (857, 856)        | (289, 289)        | (2799, 2798)      | (129, 202)      |            2 |         3 |              306 |
| 430 | (47.1, 34.2)     | (0, 0)                   | (0, 0)                   | (3, 4)                   | (1.87, 1.93)     | (876, 873)        | (292, 292)        | (2793, 2791)      | (136, 208)      |            2 |         4 |              309 |
| 435 | (47.6, 34.5)     | (12, 0)                  | (0, 0)                   | (3, 5)                   | (2.06, 1.93)     | (896, 893)        | (295, 294)        | (2785, 2784)      | (142, 214)      |            2 |         4 |              312 |
| 440 | (48.2, 35.0)     | (-5, 8)                  | (-2, -6)                 | (2, 4)                   | (2.03, 1.98)     | (916, 917)        | (298, 298)        | (2774, 2774)      | (149, 221)      |            2 |         4 |              316 |
| 445 | (48.8, 35.3)     | (0, 9)                   | (0, 0)                   | (-16, -13)               | (2.01, 2.03)     | (937, 937)        | (300, 300)        | (2764, 2766)      | (142, 219)      |            2 |         4 |              319 |
| 450 | (49.3, 35.7)     | (0, 2)                   | (0, 0)                   | (-28, -30)               | (2.02, 2.04)     | (953, 953)        | (302, 302)        | (2756, 2757)      | (82, 182)       |            2 |         4 |              322 |
| 455 | (49.9, 35.9)     | (0, 0)                   | (0, 0)                   | (-4, -32)                | (2.02, 2.04)     | (962, 962)        | (303, 303)        | (2752, 2753)      | (62, 157)       |            2 |         4 |              324 |
| 460 | (50.5, 36.2)     | (0, 12)                  | (0, -1)                  | (8, -21)                 | (2.02, 2.13)     | (972, 973)        | (304, 304)        | (2747, 2747)      | (77, 131)       |            2 |         4 |              327 |
| 465 | (51.0, 36.5)     | (6, 19)                  | (0, -1)                  | (1, -3)                  | (2.05, 2.34)     | (983, 982)        | (305, 305)        | (2742, 2740)      | (85, 120)       |            2 |         4 |              330 |
| 470 | (51.6, 36.8)     | (18, 17)                 | (0, -2)                  | (-4, -2)                 | (2.43, 2.51)     | (993, 990)        | (306, 306)        | (2734, 2732)      | (75, 115)       |            2 |         4 |              333 |
| 475 | (52.1, 37.2)     | (17, 16)                 | (0, -1)                  | (1, -2)                  | (2.89, 2.67)     | (997, 996)        | (306, 306)        | (2725, 2724)      | (70, 111)       |            2 |         4 |              336 |
| 480 | (52.6, 37.5)     | (-4, 21)                 | (2, 0)                   | (7, -1)                  | (3.06, 2.88)     | (999, 1000)       | (305, 305)        | (2713, 2714)      | (87, 107)       |            2 |         4 |              339 |
| 485 | (53.2, 38.1)     | (6, 18)                  | (2, 0)                   | (9, 7)                   | (3.04, -2.97)    | (1000, 1000)      | (305, 305)        | (2699, 2698)      | (101, 106)      |            2 |         4 |              344 |
| 490 | (53.7, 38.5)     | (120, 14)                | (13, 0)                  | (-132, 11)               | (-2.93, -2.74)   | (999, 997)        | (305, 304)        | (2683, 2684)      | (85, 124)       |            2 |         4 |              348 |
| 495 | (54.3, 38.8)     | (8, 17)                  | (-4, 5)                  | (5, 3)                   | (-2.32, -2.63)   | (992, 992)        | (304, 304)        | (2673, 2674)      | (88, 133)       |            2 |         4 |              351 |
| 500 | (54.8, 39.3)     | (11, 14)                 | (0, 0)                   | (8, 7)                   | (-1.82, -2.43)   | (981, 982)        | (303, 303)        | (2662, 2660)      | (100, 138)      |            2 |         4 |              355 |
| 505 | (55.4, 39.6)     | (5, 0)                   | (0, 0)                   | (-8, 9)                  | (-1.67, -2.4)    | (967, 973)        | (302, 302)        | (2654, 2650)      | (104, 150)      |            2 |         4 |              358 |
| 510 | (55.9, 39.9)     | (1, -4)                  | (-2, -2)                 | (-8, 7)                  | (-2.19, -2.43)   | (957, 966)        | (301, 301)        | (2648, 2642)      | (58, 157)       |            2 |         4 |              360 |
| 515 | (56.5, 40.1)     | (0, -1)                  | (0, 1)                   | (2, 9)                   | (-3.05, -2.44)   | (952, 961)        | (301, 301)        | (2641, 2635)      | (58, 165)       |            2 |         4 |              362 |
| 520 | (57.0, 40.3)     | (0, -2)                  | (-2, 0)                  | (0, 9)                   | (3.06, -2.44)    | (948, 954)        | (300, 300)        | (2633, 2628)      | (62, 172)       |            2 |         4 |              364 |
| 525 | (57.6, 40.4)     | (9, -2)                  | (0, 0)                   | (-1, 9)                  | (-2.77, -2.45)   | (945, 950)        | (300, 300)        | (2625, 2623)      | (53, 176)       |            2 |         4 |              365 |
| 530 | (58.1, 40.6)     | (4, 0)                   | (0, 0)                   | (7, 5)                   | (-2.31, -2.45)   | (940, 944)        | (299, 299)        | (2619, 2615)      | (58, 179)       |            2 |         4 |              367 |
| 535 | (58.7, 40.8)     | (-12, 0)                 | (0, 0)                   | (9, 7)                   | (-2.49, -2.45)   | (933, 937)        | (299, 299)        | (2610, 2607)      | (78, 185)       |            2 |         4 |              369 |
| 540 | (59.2, 41.1)     | (0, 0)                   | (0, 0)                   | (8, 7)                   | (-2.6, -2.45)    | (926, 929)        | (298, 298)        | (2599, 2597)      | (96, 191)       |            2 |         4 |              371 |
```


[Round Markdown]
Lap ID: 160 | Lap: 3 | Segment: 4 | Track ID: [931, 2603] | Driver: NS
```markdown
|     | timestamp in s   | acceleration_x in m/s²   | acceleration_y in m/s²   | acceleration_z in m/s²   | yaw in degrees   | position_x in m   | position_y in m   | position_z in m   | speed in km/h   |   lap_number |   segment |   fast_match_idx |
|----:|:-----------------|:-------------------------|:-------------------------|:-------------------------|:-----------------|:------------------|:------------------|:------------------|:----------------|-------------:|----------:|-----------------:|
|   0 | (0.0, 0.0)       | (0, -2)                  | (0, 0)                   | (8, 6)                   | (-2.6, -2.49)    | (923, 924)        | (298, 297)        | (2594, 2589)      | (102, 197)      |            3 |         0 |                0 |
|   5 | (0.5, 0.2)       | (0, 0)                   | (0, 0)                   | (8, 6)                   | (-2.6, -2.49)    | (914, 916)        | (297, 297)        | (2580, 2579)      | (119, 203)      |            3 |         0 |                2 |
|  10 | (1.1, 0.5)       | (0, 7)                   | (0, 0)                   | (2, 6)                   | (-2.6, -2.46)    | (904, 905)        | (295, 295)        | (2563, 2564)      | (132, 210)      |            3 |         0 |                5 |
|  15 | (1.6, 0.9)       | (15, 9)                  | (7, -1)                  | (1, 6)                   | (-2.55, -2.43)   | (893, 893)        | (294, 294)        | (2545, 2550)      | (142, 217)      |            3 |         0 |                8 |
|  20 | (2.2, 1.2)       | (10, 14)                 | (0, 1)                   | (3, 5)                   | (-2.38, -2.36)   | (880, 879)        | (293, 293)        | (2529, 2535)      | (149, 225)      |            3 |         0 |               11 |
|  25 | (2.7, 1.7)       | (3, 20)                  | (3, 2)                   | (4, 2)                   | (-2.32, -2.25)   | (863, 858)        | (292, 292)        | (2513, 2515)      | (157, 231)      |            3 |         0 |               15 |
|  30 | (3.3, 2.0)       | (14, 19)                 | (0, 0)                   | (3, 4)                   | (-2.14, -2.14)   | (842, 841)        | (290, 290)        | (2496, 2503)      | (165, 236)      |            3 |         0 |               18 |
|  35 | (3.8, 2.4)       | (2, 5)                   | (-3, -5)                 | (4, 5)                   | (-1.98, -2.07)   | (819, 814)        | (289, 288)        | (2485, 2487)      | (173, 243)      |            3 |         0 |               22 |
|  40 | (4.4, 2.8)       | (0, 3)                   | (0, -1)                  | (3, 4)                   | (-1.98, -2.06)   | (796, 795)        | (287, 287)        | (2475, 2477)      | (178, 249)      |            3 |         0 |               25 |
|  45 | (4.9, 3.1)       | (0, 5)                   | (2, 4)                   | (3, 4)                   | (-1.98, -2.02)   | (771, 773)        | (285, 285)        | (2464, 2466)      | (185, 255)      |            3 |         0 |               28 |
|  50 | (5.5, 3.5)       | (2, 21)                  | (3, 2)                   | (2, 4)                   | (-1.92, -1.91)   | (744, 746)        | (283, 283)        | (2453, 2455)      | (191, 260)      |            3 |         0 |               32 |
|  55 | (6.0, 3.9)       | (4, 5)                   | (3, 2)                   | (-26, -33)               | (-1.86, -1.86)   | (718, 718)        | (282, 282)        | (2444, 2446)      | (175, 227)      |            3 |         0 |               36 |
|  60 | (6.5, 4.4)       | (19, 32)                 | (2, 3)                   | (-3, -5)                 | (-1.73, -1.63)   | (695, 694)        | (282, 281)        | (2438, 2441)      | (137, 196)      |            3 |         0 |               40 |
|  65 | (7.1, 4.7)       | (23, 28)                 | (0, 2)                   | (-2, -16)                | (-1.38, -1.48)   | (676, 678)        | (281, 281)        | (2438, 2440)      | (129, 184)      |            3 |         0 |               43 |
|  70 | (7.6, 5.1)       | (7, 27)                  | (1, 1)                   | (5, -2)                  | (-1.17, -1.27)   | (658, 657)        | (281, 281)        | (2443, 2443)      | (130, 170)      |            3 |         0 |               47 |
|  75 | (8.1, 5.5)       | (15, 26)                 | (2, 1)                   | (8, -2)                  | (-1.06, -1.04)   | (639, 638)        | (281, 281)        | (2452, 2451)      | (147, 164)      |            3 |         0 |               51 |
|  80 | (8.7, 6.1)       | (23, 25)                 | (0, 1)                   | (-2, -2)                 | (-0.77, -0.72)   | (620, 619)        | (281, 281)        | (2466, 2466)      | (150, 155)      |            3 |         0 |               56 |
|  85 | (9.2, 6.5)       | (20, 14)                 | (1, 3)                   | (8, 6)                   | (-0.52, -0.57)   | (607, 608)        | (281, 281)        | (2483, 2481)      | (157, 161)      |            3 |         1 |               60 |
|  90 | (9.7, 7.2)       | (-5, 24)                 | (0, 3)                   | (4, -20)                 | (-0.56, -0.41)   | (594, 592)        | (280, 280)        | (2505, 2507)      | (170, 152)      |            3 |         1 |               66 |
|  95 | (10.3, 7.8)      | (26, 23)                 | (1, 0)                   | (-3, -2)                 | (-0.33, -0.01)   | (581, 586)        | (280, 280)        | (2529, 2527)      | (163, 125)      |            3 |         1 |               71 |
| 100 | (10.9, 8.4)      | (32, 17)                 | (6, 1)                   | (-5, 8)                  | (0.17, 0.31)     | (578, 588)        | (280, 280)        | (2551, 2549)      | (129, 125)      |            3 |         1 |               77 |
| 105 | (11.4, 8.8)      | (30, 18)                 | (2, 1)                   | (-9, 9)                  | (0.57, 0.48)     | (584, 593)        | (280, 280)        | (2569, 2561)      | (114, 136)      |            3 |         1 |               80 |
| 110 | (12.0, 9.2)      | (18, 19)                 | (-1, 1)                  | (7, 6)                   | (0.92, 0.7)      | (595, 602)        | (280, 280)        | (2581, 2576)      | (105, 148)      |            3 |         1 |               84 |
| 115 | (12.6, 9.6)      | (4, 22)                  | (-7, 0)                  | (4, 4)                   | (1.15, 0.93)     | (611, 615)        | (280, 280)        | (2590, 2588)      | (121, 153)      |            3 |         1 |               88 |
| 120 | (13.1, 10.0)     | (-1, 21)                 | (0, 0)                   | (6, 6)                   | (1.16, 1.1)      | (629, 628)        | (280, 280)        | (2598, 2597)      | (136, 157)      |            3 |         1 |               91 |
| 125 | (13.6, 10.4)     | (0, 18)                  | (-1, 0)                  | (7, 7)                   | (1.14, 1.28)     | (648, 647)        | (280, 280)        | (2606, 2605)      | (151, 170)      |            3 |         1 |               95 |
| 130 | (14.2, 11.0)     | (0, -14)                 | (0, 0)                   | (7, -21)                 | (1.15, 1.23)     | (671, 672)        | (279, 279)        | (2616, 2612)      | (166, 151)      |            3 |         1 |              100 |
| 135 | (14.7, 11.7)     | (4, -7)                  | (0, 0)                   | (-3, -2)                 | (1.26, 0.96)     | (695, 696)        | (279, 279)        | (2626, 2625)      | (166, 139)      |            3 |         1 |              106 |
| 140 | (15.3, 12.2)     | (-25, -23)               | (1, 0)                   | (-2, -2)                 | (0.97, 0.64)     | (716, 711)        | (279, 279)        | (2635, 2638)      | (141, 132)      |            3 |         1 |              111 |
| 145 | (15.8, 12.6)     | (-30, -18)               | (-5, 0)                  | (-27, 8)                 | (0.53, 0.4)      | (728, 719)        | (279, 279)        | (2648, 2652)      | (87, 136)       |            3 |         1 |              115 |
| 150 | (16.4, 13.0)     | (-19, -15)               | (1, 0)                   | (8, 9)                   | (-0.25, 0.26)    | (730, 723)        | (279, 279)        | (2661, 2664)      | (93, 145)       |            3 |         1 |              118 |
| 155 | (16.9, 13.3)     | (-4, -19)                | (1, 0)                   | (6, 7)                   | (-0.85, 0.12)    | (727, 726)        | (279, 279)        | (2676, 2677)      | (100, 154)      |            3 |         1 |              121 |
| 160 | (17.5, 13.5)     | (-7, -20)                | (0, 0)                   | (-3, -5)                 | (-0.83, 0.02)    | (722, 727)        | (278, 279)        | (2689, 2687)      | (86, 147)       |            3 |         1 |              123 |
| 165 | (18.0, 13.8)     | (12, -21)                | (0, 0)                   | (-4, -2)                 | (-0.09, -0.17)   | (719, 726)        | (278, 278)        | (2699, 2700)      | (53, 142)       |            3 |         1 |              126 |
| 170 | (18.5, 14.1)     | (3, -22)                 | (-1, 0)                  | (-1, 3)                  | (0.75, -0.3)     | (720, 724)        | (278, 278)        | (2706, 2709)      | (45, 142)       |            3 |         1 |              128 |
| 175 | (19.1, 14.2)     | (3, -23)                 | (0, 1)                   | (-3, 5)                  | (0.78, -0.36)    | (723, 723)        | (278, 278)        | (2712, 2713)      | (38, 144)       |            3 |         1 |              129 |
| 180 | (19.6, 14.3)     | (-15, -30)               | (0, 8)                   | (0, 0)                   | (-0.07, -0.42)   | (724, 722)        | (278, 278)        | (2717, 2717)      | (34, 143)       |            3 |         1 |              130 |
| 185 | (20.2, 14.4)     | (-4, -29)                | (0, 11)                  | (14, -2)                 | (-0.58, -0.5)    | (721, 720)        | (278, 278)        | (2723, 2721)      | (58, 142)       |            3 |         1 |              131 |
| 190 | (20.7, 14.7)     | (-4, -1)                 | (0, -10)                 | (14, 0)                  | (-0.65, -0.74)   | (715, 713)        | (278, 279)        | (2732, 2732)      | (84, 140)       |            3 |         1 |              134 |
| 195 | (21.3, 15.1)     | (-1, -20)                | (0, 5)                   | (12, 8)                  | (-0.72, -0.89)   | (706, 706)        | (278, 278)        | (2743, 2743)      | (105, 143)      |            3 |         1 |              137 |
| 200 | (21.9, 15.5)     | (-7, -17)                | (0, 0)                   | (11, 9)                  | (-0.8, -0.94)    | (693, 693)        | (278, 278)        | (2756, 2756)      | (130, 153)      |            3 |         1 |              141 |
| 205 | (22.4, 16.0)     | (-19, -19)               | (0, 0)                   | (6, -1)                  | (-1.06, -1.06)   | (676, 677)        | (278, 278)        | (2770, 2767)      | (142, 150)      |            3 |         1 |              145 |
| 210 | (22.9, 16.4)     | (-16, -20)               | (0, 1)                   | (6, 8)                   | (-1.31, -1.27)   | (657, 659)        | (277, 277)        | (2778, 2775)      | (146, 160)      |            3 |         1 |              149 |
| 215 | (23.5, 17.0)     | (-19, -4)                | (0, 0)                   | (5, 8)                   | (-1.62, -1.44)   | (636, 634)        | (277, 277)        | (2780, 2780)      | (146, 176)      |            3 |         2 |              154 |
| 220 | (24.0, 17.3)     | (15, 19)                 | (0, 0)                   | (-3, 6)                  | (-1.53, -1.29)   | (615, 617)        | (277, 277)        | (2779, 2783)      | (139, 180)      |            3 |         2 |              157 |
| 225 | (24.6, 17.6)     | (15, 19)                 | (0, -1)                  | (6, 6)                   | (-0.68, -1.14)   | (600, 601)        | (276, 276)        | (2785, 2789)      | (93, 187)       |            3 |         2 |              160 |
| 230 | (25.1, 17.9)     | (4, 1)                   | (1, -5)                  | (2, 7)                   | (0.09, -1.15)    | (590, 590)        | (276, 276)        | (2796, 2794)      | (69, 193)       |            3 |         2 |              162 |
| 235 | (25.7, 18.1)     | (12, 2)                  | (0, -5)                  | (-2, 4)                  | (0.69, -1.15)    | (583, 580)        | (275, 275)        | (2799, 2798)      | (39, 197)       |            3 |         2 |              164 |
| 240 | (26.2, 18.1)     | (7, 2)                   | (0, -5)                  | (9, 4)                   | (1.22, -1.15)    | (579, 580)        | (275, 275)        | (2800, 2798)      | (16, 197)       |            3 |         2 |              164 |
| 245 | (26.8, 18.1)     | (0, 2)                   | (0, -5)                  | (0, 4)                   | (1.23, -1.15)    | (578, 580)        | (275, 275)        | (2800, 2798)      | (1, 197)        |            3 |         2 |              164 |
| 250 | (27.3, 18.2)     | (-3, 10)                 | (0, -5)                  | (-12, -8)                | (0.88, -1.11)    | (576, 574)        | (275, 275)        | (2800, 2801)      | (25, 193)       |            3 |         2 |              165 |
| 255 | (27.9, 18.2)     | (4, 10)                  | (0, -5)                  | (9, -8)                  | (0.28, -1.11)    | (571, 574)        | (275, 275)        | (2798, 2801)      | (34, 193)       |            3 |         2 |              165 |
| 260 | (28.5, 18.3)     | (5, 13)                  | (0, -5)                  | (13, -15)                | (-0.34, -1.05)   | (567, 569)        | (275, 274)        | (2798, 2804)      | (24, 186)       |            3 |         2 |              166 |
| 265 | (29.0, 18.4)     | (0, 19)                  | (0, -4)                  | (13, -5)                 | (-0.92, -0.99)   | (563, 564)        | (274, 274)        | (2801, 2806)      | (49, 184)       |            3 |         2 |              167 |
| 270 | (29.5, 18.5)     | (-3, 18)                 | (0, -4)                  | (11, -1)                 | (-1.36, -0.93)   | (556, 559)        | (273, 273)        | (2807, 2809)      | (71, 183)       |            3 |         2 |              168 |
| 275 | (30.1, 18.8)     | (-1, 10)                 | (0, 4)                   | (-5, -21)                | (-1.27, -0.86)   | (546, 550)        | (272, 272)        | (2812, 2815)      | (68, 169)       |            3 |         2 |              170 |
| 280 | (30.6, 19.0)     | (14, 5)                  | (0, -4)                  | (10, -5)                 | (-0.82, -0.88)   | (538, 542)        | (271, 271)        | (2818, 2822)      | (72, 159)       |            3 |         2 |              172 |
| 285 | (31.2, 19.3)     | (-2, -26)                | (0, 0)                   | (12, -10)                | (-0.7, -1.09)    | (529, 531)        | (270, 270)        | (2827, 2829)      | (97, 143)       |            3 |         2 |              175 |
| 290 | (31.7, 19.7)     | (-10, -6)                | (2, 3)                   | (-2, -22)                | (-0.79, -1.07)   | (519, 519)        | (268, 268)        | (2838, 2836)      | (102, 130)      |            3 |         2 |              178 |
| 295 | (32.3, 20.1)     | (-20, -20)               | (11, 3)                  | (3, -3)                  | (-1.17, -1.2)    | (506, 505)        | (267, 267)        | (2848, 2843)      | (101, 117)      |            3 |         2 |              182 |
| 300 | (32.8, 20.6)     | (-19, -21)               | (0, 0)                   | (-2, -2)                 | (-1.57, -1.51)   | (492, 491)        | (267, 267)        | (2851, 2846)      | (94, 111)       |            3 |         2 |              186 |
| 305 | (33.4, 20.9)     | (-7, -18)                | (-6, 1)                  | (-3, 2)                  | (-2.07, -1.68)   | (481, 482)        | (267, 267)        | (2848, 2846)      | (61, 110)       |            3 |         2 |              189 |
| 310 | (33.9, 21.2)     | (-6, -30)                | (0, -2)                  | (9, -15)                 | (-2.51, -1.9)    | (473, 472)        | (267, 267)        | (2841, 2843)      | (75, 98)        |            3 |         2 |              192 |
| 315 | (34.5, 21.6)     | (7, -10)                 | (0, 0)                   | (-4, 9)                  | (-2.4, -2.17)    | (465, 462)        | (267, 267)        | (2831, 2838)      | (77, 112)       |            3 |         2 |              196 |
| 320 | (35.0, 22.0)     | (11, -13)                | (0, 1)                   | (0, 0)                   | (-2.14, -2.28)   | (457, 453)        | (266, 267)        | (2825, 2831)      | (70, 117)       |            3 |         2 |              199 |
| 325 | (35.6, 22.4)     | (1, -16)                 | (0, 0)                   | (6, -2)                  | (-1.86, -2.53)   | (446, 444)        | (267, 267)        | (2820, 2821)      | (84, 106)       |            3 |         2 |              203 |
| 330 | (36.1, 22.7)     | (-18, -19)               | (0, 1)                   | (-4, -2)                 | (-2.13, -2.72)   | (434, 439)        | (267, 267)        | (2815, 2813)      | (88, 102)       |            3 |         2 |              206 |
| 335 | (36.7, 23.1)     | (-9, -14)                | (-5, -2)                 | (-2, -2)                 | (-2.63, -2.97)   | (425, 436)        | (267, 267)        | (2806, 2804)      | (78, 96)        |            3 |         2 |              209 |
| 340 | (37.2, 23.4)     | (-17, -14)               | (5, 0)                   | (-13, 9)                 | (3.08, 3.13)     | (423, 435)        | (267, 267)        | (2796, 2795)      | (44, 103)       |            3 |         2 |              212 |
| 345 | (37.8, 23.5)     | (-14, -13)               | (0, -1)                  | (3, 9)                   | (2.13, 3.06)     | (425, 435)        | (267, 267)        | (2791, 2792)      | (38, 107)       |            3 |         2 |              213 |
| 350 | (38.3, 23.6)     | (-9, -16)                | (2, 1)                   | (12, 11)                 | (1.83, 2.99)     | (431, 436)        | (267, 267)        | (2787, 2788)      | (51, 112)       |            3 |         2 |              214 |
| 355 | (38.8, 23.7)     | (13, -8)                 | (0, -3)                  | (7, 10)                  | (2.22, 2.93)     | (438, 436)        | (267, 267)        | (2783, 2784)      | (67, 116)       |            3 |         2 |              215 |
| 360 | (39.4, 24.1)     | (5, -16)                 | (0, -1)                  | (3, 7)                   | (2.51, 2.79)     | (446, 439)        | (267, 267)        | (2775, 2773)      | (79, 127)       |            3 |         2 |              218 |
| 365 | (40.0, 24.6)     | (0, -25)                 | (1, 3)                   | (3, -4)                  | (2.66, 2.56)     | (453, 446)        | (267, 267)        | (2763, 2758)      | (87, 123)       |            3 |         2 |              222 |
| 370 | (40.5, 25.0)     | (-19, -21)               | (0, 0)                   | (-4, -1)                 | (2.34, 2.24)     | (461, 456)        | (267, 268)        | (2752, 2746)      | (85, 115)       |            3 |         2 |              226 |
| 375 | (41.1, 25.6)     | (-5, -15)                | (0, 0)                   | (10, 10)                 | (2.01, 1.97)     | (473, 472)        | (268, 268)        | (2744, 2737)      | (97, 131)       |            3 |         2 |              231 |
| 380 | (41.7, 26.0)     | (0, -7)                  | (0, 0)                   | (10, 8)                  | (2.01, 1.9)      | (489, 487)        | (268, 268)        | (2736, 2731)      | (119, 143)      |            3 |         2 |              235 |
| 385 | (42.3, 26.4)     | (0, 0)                   | (-1, -1)                 | (6, 10)                  | (2.01, 1.86)     | (507, 505)        | (268, 268)        | (2728, 2726)      | (136, 158)      |            3 |         2 |              239 |
| 390 | (42.8, 27.0)     | (0, -4)                  | (-2, 5)                  | (6, 7)                   | (1.95, 1.88)     | (528, 529)        | (268, 268)        | (2719, 2718)      | (150, 174)      |            3 |         3 |              244 |
| 395 | (43.3, 27.4)     | (-3, -11)                | (0, 0)                   | (6, 6)                   | (1.85, 1.77)     | (550, 549)        | (269, 269)        | (2712, 2713)      | (162, 182)      |            3 |         3 |              248 |
| 400 | (43.9, 27.9)     | (-23, -23)               | (0, 2)                   | (-3, 6)                  | (1.65, 1.6)      | (574, 577)        | (269, 269)        | (2706, 2709)      | (162, 193)      |            3 |         3 |              253 |
| 405 | (44.4, 28.4)     | (-23, -26)               | (0, 0)                   | (-3, -2)                 | (1.33, 1.37)     | (598, 600)        | (270, 270)        | (2707, 2711)      | (151, 194)      |            3 |         3 |              257 |
| 410 | (45.0, 28.8)     | (-18, -26)               | (0, 0)                   | (3, -3)                  | (1.1, 1.15)      | (620, 622)        | (270, 270)        | (2715, 2717)      | (151, 186)      |            3 |         3 |              261 |
| 415 | (45.5, 29.1)     | (-15, -19)               | (-1, -2)                 | (5, 1)                   | (0.84, 0.99)     | (639, 638)        | (270, 270)        | (2728, 2725)      | (159, 182)      |            3 |         3 |              264 |
| 420 | (46.1, 29.7)     | (0, -21)                 | (1, 0)                   | (4, 6)                   | (0.83, 0.77)     | (658, 661)        | (271, 271)        | (2745, 2743)      | (169, 192)      |            3 |         3 |              269 |
| 425 | (46.6, 30.2)     | (6, -1)                  | (2, 5)                   | (2, 5)                   | (0.89, 0.69)     | (677, 677)        | (272, 272)        | (2762, 2762)      | (177, 202)      |            3 |         3 |              273 |
| 430 | (47.2, 30.6)     | (2, 16)                  | (0, -3)                  | (0, 3)                   | (0.91, 0.86)     | (698, 694)        | (273, 273)        | (2779, 2780)      | (181, 208)      |            3 |         3 |              277 |
| 435 | (47.7, 31.2)     | (2, 16)                  | (4, 5)                   | (-4, -3)                 | (0.84, 1.05)     | (718, 719)        | (275, 275)        | (2795, 2799)      | (174, 195)      |            3 |         3 |              282 |
| 440 | (48.2, 31.6)     | (19, 27)                 | (1, 1)                   | (-3, 2)                  | (1.0, 1.22)      | (739, 740)        | (277, 277)        | (2812, 2810)      | (166, 196)      |            3 |         3 |              286 |
| 445 | (48.8, 32.0)     | (22, 22)                 | (-1, 0)                  | (-2, 5)                  | (1.32, 1.43)     | (761, 763)        | (278, 279)        | (2822, 2816)      | (157, 197)      |            3 |         3 |              290 |
| 450 | (49.3, 32.3)     | (1, 24)                  | (-12, 0)                 | (-1, -3)                 | (1.87, 1.52)     | (778, 776)        | (280, 280)        | (2822, 2818)      | (99, 195)       |            3 |         3 |              292 |
| 455 | (49.9, 32.6)     | (7, 30)                  | (0, 9)                   | (3, 0)                   | (2.23, 1.69)     | (793, 794)        | (281, 281)        | (2817, 2818)      | (104, 190)      |            3 |         3 |              295 |
| 460 | (50.4, 32.8)     | (-7, 50)                 | (3, -11)                 | (3, -6)                  | (2.04, 1.81)     | (807, 805)        | (282, 282)        | (2811, 2816)      | (113, 187)      |            3 |         3 |              297 |
| 465 | (50.9, 33.3)     | (-12, 10)                | (1, 5)                   | (5, 3)                   | (1.76, 1.99)     | (823, 827)        | (284, 285)        | (2805, 2809)      | (121, 191)      |            3 |         3 |              301 |
| 470 | (51.5, 33.6)     | (3, -6)                  | (0, 0)                   | (5, 5)                   | (1.76, 1.92)     | (841, 844)        | (287, 287)        | (2802, 2802)      | (131, 197)      |            3 |         3 |              304 |
| 475 | (52.0, 34.0)     | (5, 2)                   | (0, 0)                   | (4, 5)                   | (1.81, 1.93)     | (861, 862)        | (290, 290)        | (2798, 2795)      | (138, 204)      |            3 |         3 |              307 |
| 480 | (52.5, 34.3)     | (6, 0)                   | (0, 1)                   | (4, 5)                   | (1.86, 1.93)     | (881, 880)        | (293, 293)        | (2793, 2789)      | (145, 210)      |            3 |         4 |              310 |
| 485 | (53.1, 34.6)     | (15, 0)                  | (0, 1)                   | (3, 4)                   | (2.01, 1.93)     | (902, 898)        | (296, 295)        | (2786, 2782)      | (152, 216)      |            3 |         4 |              313 |
| 490 | (53.6, 35.1)     | (8, 7)                   | (-3, -5)                 | (3, 5)                   | (2.11, 1.99)     | (923, 923)        | (299, 299)        | (2775, 2772)      | (159, 223)      |            3 |         4 |              317 |
| 495 | (54.2, 35.4)     | (0, 6)                   | (-1, -2)                 | (-31, -28)               | (2.12, 2.04)     | (944, 943)        | (301, 301)        | (2763, 2762)      | (138, 207)      |            3 |         4 |              320 |
| 500 | (54.7, 35.9)     | (-3, 0)                  | (0, 0)                   | (-3, -32)                | (2.03, 2.04)     | (961, 962)        | (303, 303)        | (2753, 2753)      | (123, 157)      |            3 |         4 |              324 |
| 505 | (55.3, 36.3)     | (7, 15)                  | (-1, -2)                 | (-2, -16)                | (2.08, 2.2)      | (978, 977)        | (305, 305)        | (2745, 2744)      | (116, 123)      |            3 |         4 |              328 |
| 510 | (55.9, 36.8)     | (16, 17)                 | (-1, -2)                 | (-2, -2)                 | (2.26, 2.51)     | (993, 990)        | (306, 306)        | (2735, 2732)      | (111, 115)      |            3 |         4 |              333 |
| 515 | (56.4, 37.3)     | (17, 16)                 | (-2, -1)                 | (-1, -2)                 | (2.61, 2.73)     | (1003, 997)       | (306, 306)        | (2723, 2720)      | (106, 109)      |            3 |         4 |              337 |
| 520 | (56.9, 37.7)     | (22, 21)                 | (1, 0)                   | (-2, -1)                 | (3.01, 3.05)     | (1009, 1001)      | (306, 305)        | (2708, 2707)      | (98, 105)       |            3 |         4 |              341 |
| 525 | (57.5, 38.2)     | (23, 17)                 | (6, 0)                   | (0, 10)                  | (-2.81, -2.91)   | (1008, 1000)      | (306, 305)        | (2694, 2695)      | (91, 109)       |            3 |         4 |              345 |
| 530 | (58.0, 38.5)     | (5, 14)                  | (-2, 0)                  | (2, 11)                  | (-2.27, -2.74)   | (1001, 997)       | (305, 304)        | (2684, 2684)      | (80, 124)       |            3 |         4 |              348 |
| 535 | (58.6, 38.8)     | (6, 17)                  | (1, 5)                   | (12, 3)                  | (-2.13, -2.63)   | (991, 992)        | (304, 304)        | (2676, 2674)      | (92, 133)       |            3 |         4 |              351 |
| 540 | (59.1, 39.2)     | (-4, 19)                 | (0, 2)                   | (10, 0)                  | (-2.3, -2.48)    | (979, 985)        | (303, 303)        | (2666, 2663)      | (113, 135)      |            3 |         4 |              354 |
| 545 | (59.7, 39.7)     | (-8, -4)                 | (0, 0)                   | (4, 9)                   | (-2.4, -2.42)    | (965, 970)        | (302, 302)        | (2652, 2646)      | (131, 154)      |            3 |         4 |              359 |
| 550 | (60.2, 40.2)     | (-1, 0)                  | (0, 0)                   | (7, 9)                   | (-2.51, -2.44)   | (953, 957)        | (301, 301)        | (2637, 2631)      | (144, 169)      |            3 |         4 |              363 |
| 555 | (60.8, 40.6)     | (0, 0)                   | (0, 0)                   | (7, 5)                   | (-2.53, -2.45)   | (939, 944)        | (299, 299)        | (2617, 2615)      | (160, 179)      |            3 |         4 |              367 |
| 560 | (61.3, 41.1)     | (-6, 0)                  | (0, 0)                   | (7, 7)                   | (-2.59, -2.45)   | (925, 929)        | (298, 298)        | (2596, 2597)      | (175, 191)      |            3 |         4 |              371 |
```


[Derived Knowledge]
Question: Kannst du mir sagen, was ich in diesem Rennen besser machen sollte?
Answer: Analyze the telemetry to identify excessive negative acceleration during turns 1 and 2 – adjust downforce or tire pressure settings accordingly. [Context: Lap ID 157]


[Derived Knowledge]
Question: What is negative aacceleration?
Answer: Negative acceleration indicates deceleration along an axis, such as braking force or loss of grip. It reflects directional acceleration values inverted from positive movement [Lap 157 telemetry]. Forza terminology defines this as reverse vectored motion magnitude.  

<|tokens|>


[Derived Knowledge]
Question: I seem to crash into the walls a lot, could you help me with that?
Answer: Call tool with query_forza_expert_knowledge and ask about handling understeer and rear instability. Cite source [Forum] for turn-in approach tips. Adjust front suspension stiffness 5% increase, soften rear anti-roll bar 3 clicks to balance entry grip while preserving stability on low-speed turns.


[Derived Knowledge]
Question: How can I ensure that I dont lose traction when I accelerate?
Answer: To avoid losing traction during acceleration, shift to a higher gear earlier and smoothen throttle input [Telemetry: Lap ID 157–260 shows reduced wheel spin at 30 km/h+ with 4% higher gear ratio adjustments]. Prioritize power delivery consistency over peak horsepower shifts.


[Derived Knowledge]
Question: In general, what tuning settings should I use, to increase my performance considering my own performance in the current race?
Answer: Reduce front suspension stiffness by 5% and increase rear anti-roll bar compliance by 3 clicks to balance grip under acceleration. Optimize tire pressures +1.2 cold, -0.8 warm for sector efficiency [Forum].
